[00:42:52] [main/INFO]: Loading Minecraft 26.1.2 with Fabric Loader 0.19.2
[00:42:52] [main/INFO]: Mappings not present!
[00:42:52] [main/WARN]: Warnings were found!
 - Mod 'Forge Config API Port' (forgeconfigapiport) 26.1.5 recommends any version of modmenu, which is missing!
	 - You should install any version of modmenu for the optimal experience.
[00:42:52] [main/INFO]: Loading 85 mods:
	- animal_feeding_trough 1.2.1+26.1.2
	- chunky 1.5.3
	- darktimer 1.2.6
	- fabric-api 0.155.2+26.1.2
	   |-- fabric-api-base 2.0.3+ece063234c
	   |-- fabric-api-lookup-api-v1 2.0.12+d5a053b64c
	   |-- fabric-biome-api-v1 18.0.5+2fa62b4e4c
	   |-- fabric-block-api-v1 3.0.2+ec56b6014c
	   |-- fabric-block-getter-api-v2 2.0.6+ec56b6014c
	   |-- fabric-command-api-v2 3.0.5+e2bdee784c
	   |-- fabric-content-registries-v0 11.3.0+0082c9664c
	   |-- fabric-convention-tags-v2 4.6.2+4f11f7994c
	   |-- fabric-crash-report-info-v1 1.0.3+9f78a5a84c
	   |-- fabric-creative-tab-api-v1 5.0.11+d871b99e4c
	   |-- fabric-data-attachment-api-v1 2.2.9+44a0bd1d4c
	   |-- fabric-data-generation-api-v1 24.3.3+cda368334c
	   |-- fabric-debug-api-v1 1.0.1+c792624d4c
	   |-- fabric-dimensions-v1 5.1.7+ad343a8d4c
	   |-- fabric-entity-events-v1 5.0.2+e2bdee784c
	   |-- fabric-events-interaction-v0 5.2.2+07b380be4c
	   |-- fabric-game-rule-api-v1 4.0.5+d871b99e4c
	   |-- fabric-item-api-v1 14.3.0+6d1aaa724c
	   |-- fabric-key-mapping-api-v1 2.0.4+e2bdee784c
	   |-- fabric-lifecycle-events-v1 4.1.1+df84eb3d4c
	   |-- fabric-loot-api-v3 3.0.12+00a1fba64c
	   |-- fabric-menu-api-v1 2.0.14+d871b99e4c
	   |-- fabric-message-api-v1 7.0.5+dae8ce3e4c
	   |-- fabric-model-loading-api-v1 8.0.11+c80601bb4c
	   |-- fabric-networking-api-v1 6.3.1+554860db4c
	   |-- fabric-object-builder-api-v1 23.1.0+abb459f14c
	   |-- fabric-particles-v1 5.0.15+b61fef434c
	   |-- fabric-permission-api-v1 1.0.2+7437387b4c
	   |-- fabric-recipe-api-v1 9.0.16+be4b75ae4c
	   |-- fabric-registry-sync-v0 7.1.0+2fa62b4e4c
	   |-- fabric-renderer-api-v1 13.0.8+c80601bb4c
	   |-- fabric-renderer-indigo 8.1.5+1403e82c4c
	   |-- fabric-rendering-fluids-v1 6.0.1+d871b99e4c
	   |-- fabric-rendering-v1 23.3.1+e9207d814c
	   |-- fabric-resource-conditions-api-v1 6.1.0+83dd0ba34c
	   |-- fabric-resource-loader-v0 3.3.17+4fc5413f4c
	   |-- fabric-resource-loader-v1 2.0.10+7c44c7324c
	   |-- fabric-screen-api-v1 5.1.0+981dd9b24c
	   |-- fabric-serialization-api-v1 2.0.3+11a26f314c
	   |-- fabric-sound-api-v1 2.0.4+11a26f314c
	   |-- fabric-tag-api-v1 2.1.1+371cf5db4c
	   |-- fabric-transfer-api-v1 8.0.6+357ea7334c
	   \-- fabric-transitive-access-wideners-v1 8.1.3+3ff549fb4c
	- fabricloader 0.19.2
	   \-- mixinextras 0.5.4
	- filament 1.5.4+26.1
	   |-- bil 2.0.5+26.1
	   |-- common-protection-api 2.0.0
	   |-- fabric-permissions-api-v0 0.7.0
	   |-- placeholder-api 3.0.0-beta.2+26.1
	   \-- sgui 2.0.0-beta.2+26.1
	- forgeconfigapiport 26.1.5
	   |-- com_electronwill_night-config_core 3.8.3
	   \-- com_electronwill_night-config_toml 3.8.3
	- framework 0.13.23
	   |-- com_electronwill_night-config_core 3.8.3
	   |-- com_electronwill_night-config_toml 3.8.3
	   |-- org_javassist_javassist 3.30.2-GA
	   \-- org_reflections_reflections 0.10.2
	- geckolib 5.5.2
	- iceberg 1.4.1.1
	- java 25
	- jeg 1.7.1
	- jei 29.16.0.47
	- mcwbridges 3.1.2
	- mcwfurnitures 3.4.2
	- minecraft 26.1.2
	- mutantszombies 1.3.3-Fabric-mc26.1
	   \-- cloth-config 26.1.154
	        \-- cloth-basic-math 0.6.1
	- player_animation_library 1.2.5+mc.26.1
	   |-- com_zigythebird_mochafloats 5.0.0
	   \-- org_redlance_common-utils_services 1.2.8
	- polymer-bundled 0.16.5+26.1.2
	   |-- polymer-autohost 0.16.5+26.1.2
	   |-- polymer-blocks 0.16.5+26.1.2
	   |-- polymer-common 0.16.5+26.1.2
	   |-- polymer-core 0.16.5+26.1.2
	   |    |-- polymer-networking 0.16.5+26.1.2
	   |    |    \-- polymer-common 0.16.5+26.1.2
	   |    \-- polymer-registry-sync-manipulator 0.16.5+26.1.2
	   |-- polymer-resource-pack 0.16.5+26.1.2
	   |    \-- polymer-common 0.16.5+26.1.2
	   |-- polymer-resource-pack-extras 0.16.5+26.1.2
	   |-- polymer-sound-patcher 0.16.5+26.1.2
	   \-- polymer-virtual-entity 0.16.5+26.1.2
	        \-- polymer-common 0.16.5+26.1.2
	- terracart 1.1
	- travelersbackpack 11.2.8
	- tsa-decorations 2.2.2+26.1.2
	   \-- sgui 2.0.0-beta.2+26.1
	- weaponmaster_ydm 4.4.3
	- xaerominimap 26.4.2
	   \-- xaerolib 1.7.1
[00:42:52] [main/WARN]: Found 2 non-fabric mods:
	- framework-neoforge-26.1.2-0.13.23.jar
	- fabric-server-mc.26.2-loader.0.19.3-launcher.1.1.1.jar
[00:42:52] [main/INFO]: SpongePowered MIXIN Subsystem Version=0.8.7 Source=file:/workspaces/servermiencraft/servidor_minecraft/libraries/net/fabricmc/sponge-mixin/0.17.2+mixin.0.8.7/sponge-mixin-0.17.2+mixin.0.8.7.jar Service=Knot/Fabric Env=SERVER
[00:42:52] [main/INFO]: Compatibility level set to JAVA_25
[00:42:52] [main/WARN]: Reference map 'framework.refmap.json' for framework.common.mixins.json could not be read. If this is a development environment you can ignore this message
[00:42:52] [main/WARN]: Reference map 'framework.refmap.json' for framework.fabric.mixins.json could not be read. If this is a development environment you can ignore this message
[00:42:53] [main/WARN]: Reference map 'xaerolib.refmap.json' for xaerolib.mixins.json could not be read. If this is a development environment you can ignore this message
[00:42:53] [main/WARN]: Error loading class: de/siphalor/amecs/key_modifiers/impl/AmecsKeyModifiersEarlyInit (java.lang.ClassNotFoundException: de/siphalor/amecs/key_modifiers/impl/AmecsKeyModifiersEarlyInit)
[00:42:53] [main/WARN]: @Mixin target de.siphalor.amecs.key_modifiers.impl.AmecsKeyModifiersEarlyInit was not found jei.mixins.json:AmecsKeyModifiersEarlyInitMixin from mod jei
[00:42:54] [main/INFO]: Initializing MixinExtras via com.llamalad7.mixinextras.service.MixinExtrasServiceImpl(version=0.5.4).
[00:43:02] [main/INFO]: [Animal Feeding Trough] Load Complete! Enjoy :D
[00:43:03] [main/INFO]: Reflections took 80 ms to scan 1 urls, producing 8 keys and 82 values
[00:43:04] [main/INFO]: Registering Mod Items for mutantszombies
[00:43:04] [main/INFO]: Registering Sounds for mutantszombies
[00:43:04] [main/INFO]: Terracart Loaded Successfully!
[00:43:04] [main/INFO]: Registered the FluidEffect with Unique ID of minecraft:water for Water (Fluid Amount Required: 81000) with the ID 0
[00:43:04] [main/INFO]: Registered the FluidEffect with Unique ID of minecraft:lava for Lava (Fluid Amount Required: 81000) with the ID 1
[00:43:04] [main/INFO]: Registered the FluidEffect with Unique ID of travelersbackpack:potion for block.travelersbackpack.potion_still (Fluid Amount Required: 27000) with the ID 2
[00:43:04] [main/INFO]: Registered the FluidEffect with Unique ID of minecraft:milk for Air (Fluid Amount Required: 81000) with the ID 3
[00:43:05] [main/INFO]: [STDOUT]: Initialize WeaponMaster
[00:43:05] [main/INFO]: Registering common data for channel xaerolib:main!
[00:43:05] [main/INFO]: Loading primary common config for channel xaerolib:main!
[00:43:05] [main/INFO]: Loading server config profiles for channel xaerolib:main!
[00:43:05] [main/INFO]: Loading XaeroLib common 1/2!
[00:43:05] [main/INFO]: Loading XaeroLib server 1/2!
[00:43:05] [main/INFO]: Registering common data for channel xaerominimap:main!
[00:43:05] [main/INFO]: Loading primary common config for channel xaerominimap:main!
[00:43:05] [main/INFO]: Loading server config profiles for channel xaerominimap:main!
[00:43:05] [main/INFO]: Loading Xaero's Minimap - Stage 1/2 (Server)
[00:43:05] [main/INFO]: Environment: Environment[sessionHost=https://sessionserver.mojang.com, servicesHost=https://api.minecraftservices.com, profilesHost=https://api.mojang.com, name=PROD]
[00:43:06] [main/WARN]: Missing metadata in pack file/FPV_Drone-Fabric-1.20.1.zip
[00:43:06] [main/WARN]: Missing metadata in pack file/jei-1.21.1-neoforge-19.27.0.336.zip
[00:43:06] [Worker-Main-1/INFO]: filament models registered: 2
[00:43:07] [Worker-Main-2/INFO]: filament models registered: 2
[00:43:08] [main/INFO]: Loaded 3063 recipes
[00:43:08] [main/INFO]: Loaded 1957 advancements
[00:43:08] [main/INFO]: Loaded 17 JEG vehicle assembly recipes
[00:43:08] [main/INFO]: Loaded 17 JEG vehicle data entries
[00:43:08] [main/INFO]: Applied 364 biome modifications to 52 of 65 new biomes in 23.59 ms
[00:43:08] [Server thread/INFO]: Loading server configs...
[00:43:08] [Server thread/INFO]: Loading XaeroLib common 2/2!
[00:43:08] [Server thread/INFO]: Loading XaeroLib server 2/2!
[00:43:08] [Server thread/INFO]: Starting minecraft server version 26.1.2
[00:43:08] [Server thread/INFO]: Loading properties
[00:43:08] [Server thread/INFO]: Default game type: SURVIVAL
[00:43:08] [Server thread/INFO]: Generating keypair
[00:43:08] [Server thread/INFO]: Starting Minecraft server on *:25565
[00:43:09] [Server thread/WARN]: **** SERVER IS RUNNING IN OFFLINE/INSECURE MODE!
[00:43:09] [Server thread/WARN]: The server will make no attempt to authenticate usernames. Beware.
[00:43:09] [Server thread/WARN]: While this makes the game possible to play without internet access, it also opens up the ability for hackers to connect with any username they choose.
[00:43:09] [Server thread/WARN]: To change this, set "online-mode" to "true" in the server.properties file.
[00:43:09] [Server thread/INFO]: Preparing level "world"
[00:43:09] [Server thread/INFO]: Loading 0 persistent chunks...
[00:43:09] [Server thread/INFO]: Preparing spawn area: 100%
[00:43:09] [Server thread/INFO]: Time elapsed: 16 ms
[00:43:09] [Server thread/INFO]: Done (0.388s)! For help, type "help"
[00:43:09] [Server thread/INFO]: Saving chunks for level 'ServerLevel[world]'/minecraft:overworld
[00:43:09] [Server thread/INFO]: Saving chunks for level 'ServerLevel[world]'/minecraft:the_nether
[00:43:09] [Server thread/INFO]: Saving chunks for level 'ServerLevel[world]'/minecraft:the_end
[00:43:09] [Server thread/INFO]: ThreadedAnvilChunkStorage (world): All chunks are saved
[00:43:09] [Server thread/INFO]: ThreadedAnvilChunkStorage (DIM-1): All chunks are saved
[00:43:09] [Server thread/INFO]: ThreadedAnvilChunkStorage (DIM1): All chunks are saved
[00:43:09] [Server thread/INFO]: ThreadedAnvilChunkStorage: All dimensions are saved
[00:43:09] [Server thread/INFO]: Loaded 150 jeg recipes
[00:43:09] [Server thread/INFO]: Loading Xaero's Minimap - Stage 2/2 (Server)
[00:43:16] [Server thread/INFO]: Registered JEG Factions: [night_of_the_undead|1|minecraft:zombie,minecraft:husk,minecraft:zombie_villager,minecraft:drowned|jeg:custom_smg,jeg:waterpipe_shotgun,jeg:double_barrel_shotgun,jeg:pump_shotgun,jeg:repeating_shotgun,jeg:light_machine_gun|jeg:revolver,jeg:semi_auto_rifle,jeg:combat_rifle,jeg:assault_rifle,jeg:service_rifle,jeg:light_machine_gun,jeg:minigun|jeg:double_barrel_shotgun,jeg:repeating_shotgun,jeg:light_machine_gun,jeg:minigun, the_rattlers|2|minecraft:skeleton,minecraft:stray,minecraft:parched|jeg:custom_smg|jeg:semi_auto_rifle,jeg:bolt_action_rifle,jeg:combat_rifle,jeg:infantry_rifle|jeg:bolt_action_rifle,jeg:semi_auto_rifle, nosy_business|3|minecraft:pillager,minecraft:vindicator|jeg:pump_shotgun|jeg:semi_auto_rifle,jeg:assault_rifle|jeg:repeating_shotgun,jeg:service_rifle, bad_piggies|2|minecraft:piglin,minecraft:piglin_brute|jeg:double_barrel_shotgun,jeg:waterpipe_shotgun|jeg:assault_rifle,jeg:semi_auto_rifle|jeg:hollenfire_mk2, hell_hogs|3|minecraft:zombified_piglin,minecraft:wither_skeleton|jeg:custom_smg,jeg:waterpipe_shotgun,jeg:double_barrel_shotgun|jeg:assault_rifle,jeg:semi_auto_rifle|jeg:soulhunter_mk2, lost_souls|3|jeg:ghoul|jeg:waterpipe_shotgun,jeg:revolver|jeg:custom_smg,jeg:assault_rifle,jeg:semi_auto_rifle|jeg:blossom_rifle,jeg:service_rifle,jeg:infantry_rifle]
[00:43:17] [Server thread/INFO]: vldx64[/100.112.211.87:61131] logged in with entity id 34 at (46.00046609876965, 68.09037928950458, -2012.0301562787238)
[00:43:17] [Server thread/INFO]: Awarded 150 jeg recipes to vldx64
[00:43:17] [Server thread/INFO]: vldx64 joined the game
[00:43:26] [Server thread/INFO]: manteca (a90d61d1-ab07-358e-9ac6-80696118f0d0) lost connection: This server requires Fabric API installed on your client!
The following registry entry namespaces may be related:

animal_feeding_trough
geckolib
jeg
mcwbridges
And 5 more...

Contact the server's administrator for more information!
[00:43:26] [Server thread/WARN]: handleDisconnection() called twice
[00:45:35] [Server thread/INFO]: manteca (a90d61d1-ab07-358e-9ac6-80696118f0d0) lost connection: This server requires Fabric API installed on your client!
The following registry entry namespaces may be related:

animal_feeding_trough
geckolib
jeg
mcwbridges
And 5 more...

Contact the server's administrator for more information!
[00:45:35] [Server thread/WARN]: handleDisconnection() called twice
[00:45:55] [Worker-Main-2/ERROR]: Recoverable errors when loading section [16, -1, -125]: (Unknown registry key in ResourceKey[minecraft:root / minecraft:block]: minecraft:cinnabar -> using default)
[00:45:55] [Worker-Main-1/ERROR]: Recoverable errors when loading section [16, -2, -124]: (Unknown registry key in ResourceKey[minecraft:root / minecraft:block]: minecraft:cinnabar -> using default)
[00:45:55] [Worker-Main-1/ERROR]: Recoverable errors when loading section [16, -1, -124]: (Unknown registry key in ResourceKey[minecraft:root / minecraft:block]: minecraft:cinnabar -> using default)
[00:45:55] [Worker-Main-2/ERROR]: Recoverable errors when loading section [16, -2, -114]: (Unknown registry key in ResourceKey[minecraft:root / minecraft:block]: minecraft:cinnabar -> using default)
[00:45:55] [Worker-Main-2/ERROR]: Recoverable errors when loading section [16, -1, -114]: (Unknown registry key in ResourceKey[minecraft:root / minecraft:block]: minecraft:sulfur -> using default); (Unknown registry key in ResourceKey[minecraft:root / minecraft:block]: minecraft:cinnabar -> using default)
[00:45:55] [Worker-Main-1/ERROR]: Recoverable errors when loading section [16, -1, -124]: (Unknown registry key in ResourceKey[minecraft:root / minecraft:worldgen/biome]: minecraft:sulfur_caves -> using default)
[00:45:55] [Worker-Main-2/ERROR]: Recoverable errors when loading section [16, -1, -114]: (Unknown registry key in ResourceKey[minecraft:root / minecraft:worldgen/biome]: minecraft:sulfur_caves -> using default)
[00:45:55] [Worker-Main-3/ERROR]: Recoverable errors when loading section [16, -2, -113]: (Unknown registry key in ResourceKey[minecraft:root / minecraft:block]: minecraft:cinnabar -> using default); (Unknown registry key in ResourceKey[minecraft:root / minecraft:block]: minecraft:sulfur -> using default)
[00:45:55] [Worker-Main-3/ERROR]: Recoverable errors when loading section [16, -1, -113]: (Unknown registry key in ResourceKey[minecraft:root / minecraft:block]: minecraft:sulfur -> using default); (Unknown registry key in ResourceKey[minecraft:root / minecraft:block]: minecraft:cinnabar -> using default)
[00:45:55] [Worker-Main-3/ERROR]: Recoverable errors when loading section [16, -1, -113]: (Unknown registry key in ResourceKey[minecraft:root / minecraft:worldgen/biome]: minecraft:sulfur_caves -> using default)
[00:45:55] [Worker-Main-2/ERROR]: Recoverable errors when loading section [16, -1, -123]: (Unknown registry key in ResourceKey[minecraft:root / minecraft:block]: minecraft:cinnabar -> using default)
[00:45:56] [Worker-Main-2/ERROR]: Recoverable errors when loading section [12, -2, -112]: (Unknown registry key in ResourceKey[minecraft:root / minecraft:block]: minecraft:cinnabar -> using default); (Unknown registry key in ResourceKey[minecraft:root / minecraft:block]: minecraft:sulfur -> using default)
[00:45:56] [Worker-Main-1/ERROR]: Recoverable errors when loading section [13, -2, -112]: (Unknown registry key in ResourceKey[minecraft:root / minecraft:block]: minecraft:cinnabar -> using default); (Unknown registry key in ResourceKey[minecraft:root / minecraft:block]: minecraft:sulfur -> using default)
[00:45:56] [Worker-Main-2/ERROR]: Recoverable errors when loading section [12, -1, -112]: (Unknown registry key in ResourceKey[minecraft:root / minecraft:block]: minecraft:cinnabar -> using default); (Unknown registry key in ResourceKey[minecraft:root / minecraft:block]: minecraft:sulfur -> using default)
[00:45:56] [Worker-Main-2/ERROR]: Recoverable errors when loading section [12, -1, -112]: (Unknown registry key in ResourceKey[minecraft:root / minecraft:worldgen/biome]: minecraft:sulfur_caves -> using default)
[00:45:56] [Worker-Main-1/ERROR]: Recoverable errors when loading section [13, -2, -112]: (Unknown registry key in ResourceKey[minecraft:root / minecraft:worldgen/biome]: minecraft:sulfur_caves -> using default)
[00:45:56] [Worker-Main-1/ERROR]: Recoverable errors when loading section [13, -1, -112]: (Unknown registry key in ResourceKey[minecraft:root / minecraft:block]: minecraft:sulfur -> using default); (Unknown registry key in ResourceKey[minecraft:root / minecraft:block]: minecraft:cinnabar -> using default)
[00:45:56] [Worker-Main-1/ERROR]: Recoverable errors when loading section [13, -1, -112]: (Unknown registry key in ResourceKey[minecraft:root / minecraft:worldgen/biome]: minecraft:sulfur_caves -> using default)
[00:45:56] [Worker-Main-2/ERROR]: Recoverable errors when loading section [14, -2, -112]: (Unknown registry key in ResourceKey[minecraft:root / minecraft:block]: minecraft:cinnabar -> using default); (Unknown registry key in ResourceKey[minecraft:root / minecraft:block]: minecraft:sulfur -> using default)
[00:45:56] [Worker-Main-2/ERROR]: Recoverable errors when loading section [14, -2, -112]: (Unknown registry key in ResourceKey[minecraft:root / minecraft:worldgen/biome]: minecraft:sulfur_caves -> using default)
[00:45:56] [Worker-Main-2/ERROR]: Recoverable errors when loading section [14, -1, -112]: (Unknown registry key in ResourceKey[minecraft:root / minecraft:block]: minecraft:sulfur -> using default); (Unknown registry key in ResourceKey[minecraft:root / minecraft:block]: minecraft:cinnabar -> using default)
[00:45:56] [Worker-Main-2/ERROR]: Recoverable errors when loading section [14, -1, -112]: (Unknown registry key in ResourceKey[minecraft:root / minecraft:worldgen/biome]: minecraft:sulfur_caves -> using default)
[00:45:56] [Worker-Main-2/ERROR]: Recoverable errors when loading section [15, -2, -112]: (Unknown registry key in ResourceKey[minecraft:root / minecraft:block]: minecraft:sulfur -> using default); (Unknown registry key in ResourceKey[minecraft:root / minecraft:block]: minecraft:cinnabar -> using default)
[00:45:56] [Worker-Main-2/ERROR]: Recoverable errors when loading section [15, -2, -112]: (Unknown registry key in ResourceKey[minecraft:root / minecraft:worldgen/biome]: minecraft:sulfur_caves -> using default)
[00:45:56] [Worker-Main-3/ERROR]: Recoverable errors when loading section [16, -2, -112]: (Unknown registry key in ResourceKey[minecraft:root / minecraft:block]: minecraft:cinnabar -> using default); (Unknown registry key in ResourceKey[minecraft:root / minecraft:block]: minecraft:sulfur -> using default)
[00:45:56] [Worker-Main-3/ERROR]: Recoverable errors when loading section [16, -1, -112]: (Unknown registry key in ResourceKey[minecraft:root / minecraft:block]: minecraft:sulfur -> using default); (Unknown registry key in ResourceKey[minecraft:root / minecraft:block]: minecraft:cinnabar -> using default)
[00:45:56] [Worker-Main-3/ERROR]: Recoverable errors when loading section [16, -1, -112]: (Unknown registry key in ResourceKey[minecraft:root / minecraft:worldgen/biome]: minecraft:sulfur_caves -> using default)
[00:45:56] [Worker-Main-2/ERROR]: Recoverable errors when loading section [15, -1, -112]: (Unknown registry key in ResourceKey[minecraft:root / minecraft:block]: minecraft:sulfur_spike -> using default); (Unknown registry key in ResourceKey[minecraft:root / minecraft:block]: minecraft:sulfur -> using default); (Unknown registry key in ResourceKey[minecraft:root / minecraft:block]: minecraft:sulfur_spike -> using default); (Unknown registry key in ResourceKey[minecraft:root / minecraft:block]: minecraft:cinnabar -> using default)
[00:45:56] [Worker-Main-2/ERROR]: Recoverable errors when loading section [15, -1, -112]: (Unknown registry key in ResourceKey[minecraft:root / minecraft:worldgen/biome]: minecraft:sulfur_caves -> using default)
[00:45:59] [Worker-Main-2/ERROR]: Recoverable errors when loading section [8, -2, -101]: (Unknown registry key in ResourceKey[minecraft:root / minecraft:block]: minecraft:sulfur -> using default)
[00:45:59] [Worker-Main-2/ERROR]: Recoverable errors when loading section [8, -1, -101]: (Unknown registry key in ResourceKey[minecraft:root / minecraft:block]: minecraft:cinnabar -> using default); (Unknown registry key in ResourceKey[minecraft:root / minecraft:block]: minecraft:sulfur -> using default)
[00:45:59] [Worker-Main-2/ERROR]: Recoverable errors when loading section [8, -1, -101]: (Unknown registry key in ResourceKey[minecraft:root / minecraft:worldgen/biome]: minecraft:sulfur_caves -> using default)
[00:45:59] [Worker-Main-1/ERROR]: Recoverable errors when loading section [9, -2, -101]: (Unknown registry key in ResourceKey[minecraft:root / minecraft:block]: minecraft:cinnabar -> using default); (Unknown registry key in ResourceKey[minecraft:root / minecraft:block]: minecraft:sulfur -> using default)
[00:45:59] [Worker-Main-1/ERROR]: Recoverable errors when loading section [9, -2, -101]: (Unknown registry key in ResourceKey[minecraft:root / minecraft:worldgen/biome]: minecraft:sulfur_caves -> using default)
[00:45:59] [Worker-Main-1/ERROR]: Recoverable errors when loading section [9, -1, -101]: (Unknown registry key in ResourceKey[minecraft:root / minecraft:block]: minecraft:sulfur -> using default); (Unknown registry key in ResourceKey[minecraft:root / minecraft:block]: minecraft:cinnabar -> using default)
[00:45:59] [Worker-Main-1/ERROR]: Recoverable errors when loading section [9, -1, -101]: (Unknown registry key in ResourceKey[minecraft:root / minecraft:worldgen/biome]: minecraft:sulfur_caves -> using default)
[00:45:59] [Worker-Main-3/ERROR]: Recoverable errors when loading section [10, -2, -101]: (Unknown registry key in ResourceKey[minecraft:root / minecraft:block]: minecraft:cinnabar -> using default); (Unknown registry key in ResourceKey[minecraft:root / minecraft:block]: minecraft:sulfur -> using default)
[00:45:59] [Worker-Main-3/ERROR]: Recoverable errors when loading section [10, -2, -101]: (Unknown registry key in ResourceKey[minecraft:root / minecraft:worldgen/biome]: minecraft:sulfur_caves -> using default)
[00:45:59] [Worker-Main-3/ERROR]: Recoverable errors when loading section [10, -1, -101]: (Unknown registry key in ResourceKey[minecraft:root / minecraft:block]: minecraft:sulfur -> using default); (Unknown registry key in ResourceKey[minecraft:root / minecraft:block]: minecraft:cinnabar -> using default)
[00:45:59] [Worker-Main-3/ERROR]: Recoverable errors when loading section [10, -1, -101]: (Unknown registry key in ResourceKey[minecraft:root / minecraft:worldgen/biome]: minecraft:sulfur_caves -> using default)
[00:45:59] [Worker-Main-1/ERROR]: Recoverable errors when loading section [11, -2, -101]: (Unknown registry key in ResourceKey[minecraft:root / minecraft:block]: minecraft:cinnabar -> using default)
[00:45:59] [Worker-Main-2/ERROR]: Recoverable errors when loading section [12, -2, -109]: (Unknown registry key in ResourceKey[minecraft:root / minecraft:block]: minecraft:sulfur -> using default)
[00:45:59] [Worker-Main-1/ERROR]: Recoverable errors when loading section [11, -2, -101]: (Unknown registry key in ResourceKey[minecraft:root / minecraft:worldgen/biome]: minecraft:sulfur_caves -> using default)
[00:45:59] [Worker-Main-1/ERROR]: Recoverable errors when loading section [11, -1, -101]: (Unknown registry key in ResourceKey[minecraft:root / minecraft:block]: minecraft:cinnabar -> using default)
[00:45:59] [Worker-Main-1/ERROR]: Recoverable errors when loading section [11, -1, -101]: (Unknown registry key in ResourceKey[minecraft:root / minecraft:worldgen/biome]: minecraft:sulfur_caves -> using default)
[00:45:59] [Worker-Main-1/ERROR]: Recoverable errors when loading section [12, -2, -110]: (Unknown registry key in ResourceKey[minecraft:root / minecraft:block]: minecraft:sulfur -> using default)
[00:45:59] [Worker-Main-1/ERROR]: Recoverable errors when loading section [12, -1, -110]: (Unknown registry key in ResourceKey[minecraft:root / minecraft:block]: minecraft:sulfur -> using default)
[00:45:59] [Worker-Main-3/ERROR]: Recoverable errors when loading section [13, -2, -110]: (Unknown registry key in ResourceKey[minecraft:root / minecraft:block]: minecraft:sulfur_spike -> using default); (Unknown registry key in ResourceKey[minecraft:root / minecraft:block]: minecraft:sulfur_spike -> using default); (Unknown registry key in ResourceKey[minecraft:root / minecraft:block]: minecraft:sulfur_spike -> using default); (Unknown registry key in ResourceKey[minecraft:root / minecraft:block]: minecraft:sulfur_spike -> using default); (Unknown registry key in ResourceKey[minecraft:root / minecraft:block]: minecraft:sulfur_spike -> using default); (Unknown registry key in ResourceKey[minecraft:root / minecraft:block]: minecraft:potent_sulfur -> using default); (Unknown registry key in ResourceKey[minecraft:root / minecraft:block]: minecraft:cinnabar -> using default); (Unknown registry key in ResourceKey[minecraft:root / minecraft:block]: minecraft:sulfur -> using default)
[00:45:59] [Worker-Main-3/ERROR]: Recoverable errors when loading section [13, -2, -110]: (Unknown registry key in ResourceKey[minecraft:root / minecraft:worldgen/biome]: minecraft:sulfur_caves -> using default)
[00:45:59] [Worker-Main-3/ERROR]: Recoverable errors when loading section [13, -1, -110]: (Unknown registry key in ResourceKey[minecraft:root / minecraft:block]: minecraft:sulfur_spike -> using default); (Unknown registry key in ResourceKey[minecraft:root / minecraft:block]: minecraft:cinnabar -> using default); (Unknown registry key in ResourceKey[minecraft:root / minecraft:block]: minecraft:sulfur_spike -> using default); (Unknown registry key in ResourceKey[minecraft:root / minecraft:block]: minecraft:sulfur_spike -> using default); (Unknown registry key in ResourceKey[minecraft:root / minecraft:block]: minecraft:sulfur_spike -> using default); (Unknown registry key in ResourceKey[minecraft:root / minecraft:block]: minecraft:sulfur_spike -> using default); (Unknown registry key in ResourceKey[minecraft:root / minecraft:block]: minecraft:sulfur -> using default)
[00:45:59] [Worker-Main-3/ERROR]: Recoverable errors when loading section [13, -1, -110]: (Unknown registry key in ResourceKey[minecraft:root / minecraft:worldgen/biome]: minecraft:sulfur_caves -> using default)
[00:45:59] [Worker-Main-2/ERROR]: Recoverable errors when loading section [14, -2, -111]: (Unknown registry key in ResourceKey[minecraft:root / minecraft:block]: minecraft:potent_sulfur -> using default); (Unknown registry key in ResourceKey[minecraft:root / minecraft:block]: minecraft:cinnabar -> using default); (Unknown registry key in ResourceKey[minecraft:root / minecraft:block]: minecraft:sulfur -> using default)
[00:45:59] [Worker-Main-2/ERROR]: Recoverable errors when loading section [14, -2, -111]: (Unknown registry key in ResourceKey[minecraft:root / minecraft:worldgen/biome]: minecraft:sulfur_caves -> using default)
[00:45:59] [Worker-Main-3/ERROR]: Recoverable errors when loading section [14, -2, -110]: (Unknown registry key in ResourceKey[minecraft:root / minecraft:block]: minecraft:sulfur_spike -> using default); (Unknown registry key in ResourceKey[minecraft:root / minecraft:block]: minecraft:sulfur_spike -> using default); (Unknown registry key in ResourceKey[minecraft:root / minecraft:block]: minecraft:sulfur_spike -> using default); (Unknown registry key in ResourceKey[minecraft:root / minecraft:block]: minecraft:sulfur -> using default); (Unknown registry key in ResourceKey[minecraft:root / minecraft:block]: minecraft:cinnabar -> using default)
[00:45:59] [Worker-Main-3/ERROR]: Recoverable errors when loading section [14, -2, -110]: (Unknown registry key in ResourceKey[minecraft:root / minecraft:worldgen/biome]: minecraft:sulfur_caves -> using default)
[00:45:59] [Worker-Main-3/ERROR]: Recoverable errors when loading section [14, -1, -110]: (Unknown registry key in ResourceKey[minecraft:root / minecraft:block]: minecraft:cinnabar -> using default); (Unknown registry key in ResourceKey[minecraft:root / minecraft:block]: minecraft:sulfur -> using default)
[00:45:59] [Worker-Main-3/ERROR]: Recoverable errors when loading section [14, -1, -110]: (Unknown registry key in ResourceKey[minecraft:root / minecraft:worldgen/biome]: minecraft:sulfur_caves -> using default)
[00:45:59] [Worker-Main-2/ERROR]: Recoverable errors when loading section [14, -1, -111]: (Unknown registry key in ResourceKey[minecraft:root / minecraft:block]: minecraft:cinnabar -> using default); (Unknown registry key in ResourceKey[minecraft:root / minecraft:block]: minecraft:sulfur -> using default)
[00:45:59] [Worker-Main-2/ERROR]: Recoverable errors when loading section [14, -1, -111]: (Unknown registry key in ResourceKey[minecraft:root / minecraft:worldgen/biome]: minecraft:sulfur_caves -> using default)
[00:45:59] [Worker-Main-3/ERROR]: Recoverable errors when loading section [15, -2, -111]: (Unknown registry key in ResourceKey[minecraft:root / minecraft:block]: minecraft:cinnabar -> using default); (Unknown registry key in ResourceKey[minecraft:root / minecraft:block]: minecraft:sulfur -> using default)
[00:45:59] [Worker-Main-3/ERROR]: Recoverable errors when loading section [15, -1, -111]: (Unknown registry key in ResourceKey[minecraft:root / minecraft:block]: minecraft:sulfur -> using default); (Unknown registry key in ResourceKey[minecraft:root / minecraft:block]: minecraft:cinnabar -> using default)
[00:45:59] [Worker-Main-3/ERROR]: Recoverable errors when loading section [15, -1, -111]: (Unknown registry key in ResourceKey[minecraft:root / minecraft:worldgen/biome]: minecraft:sulfur_caves -> using default)
[00:45:59] [Worker-Main-1/ERROR]: Recoverable errors when loading section [13, -2, -111]: (Unknown registry key in ResourceKey[minecraft:root / minecraft:block]: minecraft:cinnabar -> using default); (Unknown registry key in ResourceKey[minecraft:root / minecraft:block]: minecraft:sulfur -> using default)
[00:45:59] [Worker-Main-1/ERROR]: Recoverable errors when loading section [13, -2, -111]: (Unknown registry key in ResourceKey[minecraft:root / minecraft:worldgen/biome]: minecraft:sulfur_caves -> using default)
[00:45:59] [Worker-Main-1/ERROR]: Recoverable errors when loading section [13, -1, -111]: (Unknown registry key in ResourceKey[minecraft:root / minecraft:block]: minecraft:cinnabar -> using default); (Unknown registry key in ResourceKey[minecraft:root / minecraft:block]: minecraft:sulfur -> using default)
[00:45:59] [Worker-Main-1/ERROR]: Recoverable errors when loading section [13, -1, -111]: (Unknown registry key in ResourceKey[minecraft:root / minecraft:worldgen/biome]: minecraft:sulfur_caves -> using default)
[00:45:59] [Worker-Main-3/ERROR]: Recoverable errors when loading section [15, -2, -109]: (Unknown registry key in ResourceKey[minecraft:root / minecraft:block]: minecraft:sulfur -> using default)
[00:45:59] [Worker-Main-1/ERROR]: Recoverable errors when loading section [13, -2, -109]: (Unknown registry key in ResourceKey[minecraft:root / minecraft:block]: minecraft:sulfur -> using default)
[00:45:59] [Worker-Main-1/ERROR]: Recoverable errors when loading section [13, -1, -109]: (Unknown registry key in ResourceKey[minecraft:root / minecraft:block]: minecraft:cinnabar -> using default); (Unknown registry key in ResourceKey[minecraft:root / minecraft:block]: minecraft:sulfur -> using default)
[00:45:59] [Worker-Main-3/ERROR]: Recoverable errors when loading section [15, -1, -109]: (Unknown registry key in ResourceKey[minecraft:root / minecraft:block]: minecraft:cinnabar -> using default); (Unknown registry key in ResourceKey[minecraft:root / minecraft:block]: minecraft:sulfur -> using default)
[00:45:59] [Worker-Main-3/ERROR]: Recoverable errors when loading section [15, -1, -109]: (Unknown registry key in ResourceKey[minecraft:root / minecraft:worldgen/biome]: minecraft:sulfur_caves -> using default)
[00:45:59] [Worker-Main-1/ERROR]: Recoverable errors when loading section [13, -1, -109]: (Unknown registry key in ResourceKey[minecraft:root / minecraft:worldgen/biome]: minecraft:sulfur_caves -> using default)
[00:45:59] [Worker-Main-1/ERROR]: Recoverable errors when loading section [14, -2, -109]: (Unknown registry key in ResourceKey[minecraft:root / minecraft:block]: minecraft:sulfur -> using default); (Unknown registry key in ResourceKey[minecraft:root / minecraft:block]: minecraft:cinnabar -> using default)
[00:45:59] [Worker-Main-1/ERROR]: Recoverable errors when loading section [14, -2, -109]: (Unknown registry key in ResourceKey[minecraft:root / minecraft:worldgen/biome]: minecraft:sulfur_caves -> using default)
[00:45:59] [Worker-Main-1/ERROR]: Recoverable errors when loading section [14, -1, -109]: (Unknown registry key in ResourceKey[minecraft:root / minecraft:block]: minecraft:cinnabar -> using default); (Unknown registry key in ResourceKey[minecraft:root / minecraft:block]: minecraft:sulfur -> using default)
[00:45:59] [Worker-Main-1/ERROR]: Recoverable errors when loading section [14, -1, -109]: (Unknown registry key in ResourceKey[minecraft:root / minecraft:worldgen/biome]: minecraft:sulfur_caves -> using default)
[00:45:59] [Worker-Main-1/ERROR]: Recoverable errors when loading section [15, -2, -110]: (Unknown registry key in ResourceKey[minecraft:root / minecraft:block]: minecraft:cinnabar -> using default); (Unknown registry key in ResourceKey[minecraft:root / minecraft:block]: minecraft:sulfur -> using default)
[00:45:59] [Worker-Main-1/ERROR]: Recoverable errors when loading section [15, -1, -110]: (Unknown registry key in ResourceKey[minecraft:root / minecraft:block]: minecraft:cinnabar -> using default); (Unknown registry key in ResourceKey[minecraft:root / minecraft:block]: minecraft:sulfur -> using default)
[00:45:59] [Worker-Main-1/ERROR]: Recoverable errors when loading section [15, -1, -110]: (Unknown registry key in ResourceKey[minecraft:root / minecraft:worldgen/biome]: minecraft:sulfur_caves -> using default)
[00:46:37] [Server thread/INFO]: vldx64 lost connection: Disconnected
[00:46:37] [Server thread/INFO]: vldx64 left the game
[00:47:37] [Server thread/INFO]: Server empty for 60 seconds, pausing
[00:49:20] [Server thread/INFO]: manteca (a90d61d1-ab07-358e-9ac6-80696118f0d0) lost connection: This server requires Fabric API installed on your client!
The following registry entry namespaces may be related:

animal_feeding_trough
geckolib
jeg
mcwbridges
And 5 more...

Contact the server's administrator for more information!
[00:49:20] [Server thread/WARN]: handleDisconnection() called twice
[00:50:29] [Server thread/INFO]: vldx64[/100.112.211.87:61217] logged in with entity id 917 at (47.12028406289214, 67.0, -2001.9338056162662)
[00:50:29] [Server thread/INFO]: Awarded 150 jeg recipes to vldx64
[00:50:29] [Server thread/INFO]: vldx64 joined the game
[00:50:41] [Worker-Main-5/ERROR]: Recoverable errors when loading section [16, -1, -125]: (Unknown registry key in ResourceKey[minecraft:root / minecraft:block]: minecraft:cinnabar -> using default)
[00:50:41] [Worker-Main-4/ERROR]: Recoverable errors when loading section [16, -2, -114]: (Unknown registry key in ResourceKey[minecraft:root / minecraft:block]: minecraft:cinnabar -> using default)
[00:50:41] [Worker-Main-6/ERROR]: Recoverable errors when loading section [16, -2, -124]: (Unknown registry key in ResourceKey[minecraft:root / minecraft:block]: minecraft:cinnabar -> using default)
[00:50:41] [Worker-Main-6/ERROR]: Recoverable errors when loading section [16, -1, -124]: (Unknown registry key in ResourceKey[minecraft:root / minecraft:block]: minecraft:cinnabar -> using default)
[00:50:41] [Worker-Main-6/ERROR]: Recoverable errors when loading section [16, -1, -124]: (Unknown registry key in ResourceKey[minecraft:root / minecraft:worldgen/biome]: minecraft:sulfur_caves -> using default)
[00:50:41] [Worker-Main-4/ERROR]: Recoverable errors when loading section [16, -1, -114]: (Unknown registry key in ResourceKey[minecraft:root / minecraft:block]: minecraft:sulfur -> using default); (Unknown registry key in ResourceKey[minecraft:root / minecraft:block]: minecraft:cinnabar -> using default)
[00:50:41] [Worker-Main-4/ERROR]: Recoverable errors when loading section [16, -1, -114]: (Unknown registry key in ResourceKey[minecraft:root / minecraft:worldgen/biome]: minecraft:sulfur_caves -> using default)
[00:50:41] [Worker-Main-6/ERROR]: Recoverable errors when loading section [16, -2, -113]: (Unknown registry key in ResourceKey[minecraft:root / minecraft:block]: minecraft:cinnabar -> using default); (Unknown registry key in ResourceKey[minecraft:root / minecraft:block]: minecraft:sulfur -> using default)
[00:50:41] [Worker-Main-6/ERROR]: Recoverable errors when loading section [16, -1, -113]: (Unknown registry key in ResourceKey[minecraft:root / minecraft:block]: minecraft:sulfur -> using default); (Unknown registry key in ResourceKey[minecraft:root / minecraft:block]: minecraft:cinnabar -> using default)
[00:50:41] [Worker-Main-6/ERROR]: Recoverable errors when loading section [16, -1, -113]: (Unknown registry key in ResourceKey[minecraft:root / minecraft:worldgen/biome]: minecraft:sulfur_caves -> using default)
[00:50:41] [Worker-Main-6/ERROR]: Recoverable errors when loading section [16, -1, -123]: (Unknown registry key in ResourceKey[minecraft:root / minecraft:block]: minecraft:cinnabar -> using default)
[00:50:47] [Worker-Main-6/ERROR]: Recoverable errors when loading section [15, -2, -112]: (Unknown registry key in ResourceKey[minecraft:root / minecraft:block]: minecraft:sulfur -> using default); (Unknown registry key in ResourceKey[minecraft:root / minecraft:block]: minecraft:cinnabar -> using default)
[00:50:47] [Worker-Main-5/ERROR]: Recoverable errors when loading section [16, -2, -112]: (Unknown registry key in ResourceKey[minecraft:root / minecraft:block]: minecraft:cinnabar -> using default); (Unknown registry key in ResourceKey[minecraft:root / minecraft:block]: minecraft:sulfur -> using default)
[00:50:47] [Worker-Main-6/ERROR]: Recoverable errors when loading section [15, -2, -112]: (Unknown registry key in ResourceKey[minecraft:root / minecraft:worldgen/biome]: minecraft:sulfur_caves -> using default)
[00:50:47] [Worker-Main-5/ERROR]: Recoverable errors when loading section [16, -1, -112]: (Unknown registry key in ResourceKey[minecraft:root / minecraft:block]: minecraft:sulfur -> using default); (Unknown registry key in ResourceKey[minecraft:root / minecraft:block]: minecraft:cinnabar -> using default)
[00:50:47] [Worker-Main-6/ERROR]: Recoverable errors when loading section [15, -1, -112]: (Unknown registry key in ResourceKey[minecraft:root / minecraft:block]: minecraft:sulfur_spike -> using default); (Unknown registry key in ResourceKey[minecraft:root / minecraft:block]: minecraft:sulfur -> using default); (Unknown registry key in ResourceKey[minecraft:root / minecraft:block]: minecraft:sulfur_spike -> using default); (Unknown registry key in ResourceKey[minecraft:root / minecraft:block]: minecraft:cinnabar -> using default)
[00:50:47] [Worker-Main-6/ERROR]: Recoverable errors when loading section [15, -1, -112]: (Unknown registry key in ResourceKey[minecraft:root / minecraft:worldgen/biome]: minecraft:sulfur_caves -> using default)
[00:50:47] [Worker-Main-5/ERROR]: Recoverable errors when loading section [16, -1, -112]: (Unknown registry key in ResourceKey[minecraft:root / minecraft:worldgen/biome]: minecraft:sulfur_caves -> using default)
[00:50:49] [Worker-Main-4/ERROR]: Recoverable errors when loading section [15, -2, -111]: (Unknown registry key in ResourceKey[minecraft:root / minecraft:block]: minecraft:cinnabar -> using default); (Unknown registry key in ResourceKey[minecraft:root / minecraft:block]: minecraft:sulfur -> using default)
[00:50:49] [Worker-Main-5/ERROR]: Recoverable errors when loading section [13, -2, -111]: (Unknown registry key in ResourceKey[minecraft:root / minecraft:block]: minecraft:cinnabar -> using default); (Unknown registry key in ResourceKey[minecraft:root / minecraft:block]: minecraft:sulfur -> using default)
[00:50:49] [Worker-Main-4/ERROR]: Recoverable errors when loading section [15, -1, -111]: (Unknown registry key in ResourceKey[minecraft:root / minecraft:block]: minecraft:sulfur -> using default); (Unknown registry key in ResourceKey[minecraft:root / minecraft:block]: minecraft:cinnabar -> using default)
[00:50:49] [Worker-Main-4/ERROR]: Recoverable errors when loading section [15, -1, -111]: (Unknown registry key in ResourceKey[minecraft:root / minecraft:worldgen/biome]: minecraft:sulfur_caves -> using default)
[00:50:49] [Worker-Main-5/ERROR]: Recoverable errors when loading section [13, -2, -111]: (Unknown registry key in ResourceKey[minecraft:root / minecraft:worldgen/biome]: minecraft:sulfur_caves -> using default)
[00:50:49] [Worker-Main-6/ERROR]: Recoverable errors when loading section [14, -2, -111]: (Unknown registry key in ResourceKey[minecraft:root / minecraft:block]: minecraft:potent_sulfur -> using default); (Unknown registry key in ResourceKey[minecraft:root / minecraft:block]: minecraft:cinnabar -> using default); (Unknown registry key in ResourceKey[minecraft:root / minecraft:block]: minecraft:sulfur -> using default)
[00:50:49] [Worker-Main-6/ERROR]: Recoverable errors when loading section [14, -2, -111]: (Unknown registry key in ResourceKey[minecraft:root / minecraft:worldgen/biome]: minecraft:sulfur_caves -> using default)
[00:50:49] [Worker-Main-5/ERROR]: Recoverable errors when loading section [13, -1, -111]: (Unknown registry key in ResourceKey[minecraft:root / minecraft:block]: minecraft:cinnabar -> using default); (Unknown registry key in ResourceKey[minecraft:root / minecraft:block]: minecraft:sulfur -> using default)
[00:50:49] [Worker-Main-6/ERROR]: Recoverable errors when loading section [14, -1, -111]: (Unknown registry key in ResourceKey[minecraft:root / minecraft:block]: minecraft:cinnabar -> using default); (Unknown registry key in ResourceKey[minecraft:root / minecraft:block]: minecraft:sulfur -> using default)
[00:50:49] [Worker-Main-5/ERROR]: Recoverable errors when loading section [13, -1, -111]: (Unknown registry key in ResourceKey[minecraft:root / minecraft:worldgen/biome]: minecraft:sulfur_caves -> using default)
[00:50:49] [Worker-Main-6/ERROR]: Recoverable errors when loading section [14, -1, -111]: (Unknown registry key in ResourceKey[minecraft:root / minecraft:worldgen/biome]: minecraft:sulfur_caves -> using default)
[00:52:35] [Server thread/INFO]: vldx64 lost connection: Internal Exception: io.netty.handler.codec.DecoderException: Failed to decode packet 'serverbound/minecraft:set_creative_mode_slot'
[00:52:35] [Server thread/INFO]: vldx64 left the game
[00:52:41] [Server thread/INFO]: vldx64[/100.112.211.87:61229] logged in with entity id 2316 at (12.923752191085981, 73.51678534964005, -2061.5624479096646)
[00:52:41] [Server thread/INFO]: Awarded 150 jeg recipes to vldx64
[00:52:41] [Server thread/INFO]: vldx64 joined the game
[00:52:45] [Worker-Main-5/ERROR]: Recoverable errors when loading section [-14, -1, -124]: (Unknown registry key in ResourceKey[minecraft:root / minecraft:block]: minecraft:sulfur -> using default); (Unknown registry key in ResourceKey[minecraft:root / minecraft:block]: minecraft:cinnabar -> using default)
[00:52:45] [Worker-Main-4/ERROR]: Recoverable errors when loading section [-14, -2, -132]: (Unknown registry key in ResourceKey[minecraft:root / minecraft:block]: minecraft:cinnabar -> using default)
[00:52:45] [Worker-Main-4/ERROR]: Recoverable errors when loading section [-14, -2, -132]: (Unknown registry key in ResourceKey[minecraft:root / minecraft:worldgen/biome]: minecraft:sulfur_caves -> using default)
[00:52:45] [Worker-Main-5/ERROR]: Recoverable errors when loading section [-14, -1, -133]: (Unknown registry key in ResourceKey[minecraft:root / minecraft:block]: minecraft:sulfur_spike -> using default); (Unknown registry key in ResourceKey[minecraft:root / minecraft:block]: minecraft:sulfur_spike -> using default); (Unknown registry key in ResourceKey[minecraft:root / minecraft:block]: minecraft:cinnabar -> using default); (Unknown registry key in ResourceKey[minecraft:root / minecraft:block]: minecraft:sulfur -> using default)
[00:52:45] [Worker-Main-5/ERROR]: Recoverable errors when loading section [-14, -1, -133]: (Unknown registry key in ResourceKey[minecraft:root / minecraft:worldgen/biome]: minecraft:sulfur_caves -> using default)
[00:52:45] [Worker-Main-5/ERROR]: Recoverable errors when loading section [-14, 0, -133]: (Unknown registry key in ResourceKey[minecraft:root / minecraft:block]: minecraft:sulfur_spike -> using default); (Unknown registry key in ResourceKey[minecraft:root / minecraft:block]: minecraft:sulfur_spike -> using default); (Unknown registry key in ResourceKey[minecraft:root / minecraft:block]: minecraft:sulfur_spike -> using default); (Unknown registry key in ResourceKey[minecraft:root / minecraft:block]: minecraft:cinnabar -> using default); (Unknown registry key in ResourceKey[minecraft:root / minecraft:block]: minecraft:sulfur_spike -> using default); (Unknown registry key in ResourceKey[minecraft:root / minecraft:block]: minecraft:sulfur -> using default)
[00:52:45] [Worker-Main-5/ERROR]: Recoverable errors when loading section [-14, 0, -133]: (Unknown registry key in ResourceKey[minecraft:root / minecraft:worldgen/biome]: minecraft:sulfur_caves -> using default)
[00:52:45] [Worker-Main-5/ERROR]: Recoverable errors when loading section [-14, 1, -133]: (Unknown registry key in ResourceKey[minecraft:root / minecraft:block]: minecraft:sulfur_spike -> using default); (Unknown registry key in ResourceKey[minecraft:root / minecraft:block]: minecraft:sulfur_spike -> using default); (Unknown registry key in ResourceKey[minecraft:root / minecraft:block]: minecraft:sulfur_spike -> using default); (Unknown registry key in ResourceKey[minecraft:root / minecraft:block]: minecraft:sulfur_spike -> using default); (Unknown registry key in ResourceKey[minecraft:root / minecraft:block]: minecraft:sulfur -> using default)
[00:52:45] [Worker-Main-5/ERROR]: Recoverable errors when loading section [-14, 1, -133]: (Unknown registry key in ResourceKey[minecraft:root / minecraft:worldgen/biome]: minecraft:sulfur_caves -> using default)
[00:52:45] [Worker-Main-6/ERROR]: Recoverable errors when loading section [-14, -2, -131]: (Unknown registry key in ResourceKey[minecraft:root / minecraft:block]: minecraft:sulfur -> using default); (Unknown registry key in ResourceKey[minecraft:root / minecraft:block]: minecraft:cinnabar -> using default)
[00:52:45] [Worker-Main-6/ERROR]: Recoverable errors when loading section [-14, -2, -131]: (Unknown registry key in ResourceKey[minecraft:root / minecraft:worldgen/biome]: minecraft:sulfur_caves -> using default)
[00:52:45] [Worker-Main-4/ERROR]: Recoverable errors when loading section [-14, -1, -132]: (Unknown registry key in ResourceKey[minecraft:root / minecraft:block]: minecraft:sulfur_spike -> using default); (Unknown registry key in ResourceKey[minecraft:root / minecraft:block]: minecraft:sulfur -> using default); (Unknown registry key in ResourceKey[minecraft:root / minecraft:block]: minecraft:cinnabar -> using default)
[00:52:45] [Worker-Main-6/ERROR]: Recoverable errors when loading section [-14, -1, -131]: (Unknown registry key in ResourceKey[minecraft:root / minecraft:block]: minecraft:sulfur_spike -> using default); (Unknown registry key in ResourceKey[minecraft:root / minecraft:block]: minecraft:sulfur_spike -> using default); (Unknown registry key in ResourceKey[minecraft:root / minecraft:block]: minecraft:sulfur_spike -> using default); (Unknown registry key in ResourceKey[minecraft:root / minecraft:block]: minecraft:sulfur_spike -> using default); (Unknown registry key in ResourceKey[minecraft:root / minecraft:block]: minecraft:sulfur_spike -> using default); (Unknown registry key in ResourceKey[minecraft:root / minecraft:block]: minecraft:sulfur -> using default); (Unknown registry key in ResourceKey[minecraft:root / minecraft:block]: minecraft:cinnabar -> using default)
[00:52:45] [Worker-Main-4/ERROR]: Recoverable errors when loading section [-14, -1, -132]: (Unknown registry key in ResourceKey[minecraft:root / minecraft:worldgen/biome]: minecraft:sulfur_caves -> using default)
[00:52:45] [Worker-Main-5/ERROR]: Recoverable errors when loading section [-14, -3, -130]: (Unknown registry key in ResourceKey[minecraft:root / minecraft:block]: minecraft:sulfur -> using default); (Unknown registry key in ResourceKey[minecraft:root / minecraft:block]: minecraft:cinnabar -> using default)
[00:52:45] [Worker-Main-5/ERROR]: Recoverable errors when loading section [-14, -3, -130]: (Unknown registry key in ResourceKey[minecraft:root / minecraft:worldgen/biome]: minecraft:sulfur_caves -> using default)
[00:52:45] [Worker-Main-6/ERROR]: Recoverable errors when loading section [-14, -1, -131]: (Unknown registry key in ResourceKey[minecraft:root / minecraft:worldgen/biome]: minecraft:sulfur_caves -> using default)
[00:52:45] [Worker-Main-4/ERROR]: Recoverable errors when loading section [-14, 0, -132]: (Unknown registry key in ResourceKey[minecraft:root / minecraft:block]: minecraft:sulfur_spike -> using default); (Unknown registry key in ResourceKey[minecraft:root / minecraft:block]: minecraft:sulfur_spike -> using default); (Unknown registry key in ResourceKey[minecraft:root / minecraft:block]: minecraft:sulfur_spike -> using default); (Unknown registry key in ResourceKey[minecraft:root / minecraft:block]: minecraft:sulfur_spike -> using default); (Unknown registry key in ResourceKey[minecraft:root / minecraft:block]: minecraft:cinnabar -> using default); (Unknown registry key in ResourceKey[minecraft:root / minecraft:block]: minecraft:sulfur_spike -> using default); (Unknown registry key in ResourceKey[minecraft:root / minecraft:block]: minecraft:sulfur -> using default)
[00:52:45] [Worker-Main-4/ERROR]: Recoverable errors when loading section [-14, 0, -132]: (Unknown registry key in ResourceKey[minecraft:root / minecraft:worldgen/biome]: minecraft:sulfur_caves -> using default)
[00:52:45] [Worker-Main-4/ERROR]: Recoverable errors when loading section [-14, 1, -132]: (Unknown registry key in ResourceKey[minecraft:root / minecraft:block]: minecraft:sulfur_spike -> using default); (Unknown registry key in ResourceKey[minecraft:root / minecraft:block]: minecraft:sulfur_spike -> using default); (Unknown registry key in ResourceKey[minecraft:root / minecraft:block]: minecraft:sulfur_spike -> using default); (Unknown registry key in ResourceKey[minecraft:root / minecraft:block]: minecraft:sulfur_spike -> using default); (Unknown registry key in ResourceKey[minecraft:root / minecraft:block]: minecraft:sulfur_spike -> using default); (Unknown registry key in ResourceKey[minecraft:root / minecraft:block]: minecraft:potent_sulfur -> using default); (Unknown registry key in ResourceKey[minecraft:root / minecraft:block]: minecraft:sulfur_spike -> using default); (Unknown registry key in ResourceKey[minecraft:root / minecraft:block]: minecraft:cinnabar -> using default); (Unknown registry key in ResourceKey[minecraft:root / minecraft:block]: minecraft:sulfur -> using default)
[00:52:45] [Worker-Main-4/ERROR]: Recoverable errors when loading section [-14, 1, -132]: (Unknown registry key in ResourceKey[minecraft:root / minecraft:worldgen/biome]: minecraft:sulfur_caves -> using default)
[00:52:45] [Worker-Main-5/ERROR]: Recoverable errors when loading section [-14, -2, -130]: (Unknown registry key in ResourceKey[minecraft:root / minecraft:block]: minecraft:sulfur -> using default); (Unknown registry key in ResourceKey[minecraft:root / minecraft:block]: minecraft:cinnabar -> using default)
[00:52:45] [Worker-Main-6/ERROR]: Recoverable errors when loading section [-14, 0, -131]: (Unknown registry key in ResourceKey[minecraft:root / minecraft:block]: minecraft:sulfur_spike -> using default); (Unknown registry key in ResourceKey[minecraft:root / minecraft:block]: minecraft:sulfur -> using default); (Unknown registry key in ResourceKey[minecraft:root / minecraft:block]: minecraft:cinnabar -> using default)
[00:52:45] [Worker-Main-5/ERROR]: Recoverable errors when loading section [-14, -2, -130]: (Unknown registry key in ResourceKey[minecraft:root / minecraft:worldgen/biome]: minecraft:sulfur_caves -> using default)
[00:52:45] [Worker-Main-6/ERROR]: Recoverable errors when loading section [-14, 0, -131]: (Unknown registry key in ResourceKey[minecraft:root / minecraft:worldgen/biome]: minecraft:sulfur_caves -> using default)
[00:52:45] [Worker-Main-6/ERROR]: Recoverable errors when loading section [-14, 1, -131]: (Unknown registry key in ResourceKey[minecraft:root / minecraft:block]: minecraft:cinnabar -> using default); (Unknown registry key in ResourceKey[minecraft:root / minecraft:block]: minecraft:sulfur -> using default)
[00:52:45] [Worker-Main-6/ERROR]: Recoverable errors when loading section [-14, 1, -131]: (Unknown registry key in ResourceKey[minecraft:root / minecraft:worldgen/biome]: minecraft:sulfur_caves -> using default)
[00:52:45] [Worker-Main-5/ERROR]: Recoverable errors when loading section [-14, -1, -130]: (Unknown registry key in ResourceKey[minecraft:root / minecraft:block]: minecraft:sulfur_spike -> using default); (Unknown registry key in ResourceKey[minecraft:root / minecraft:block]: minecraft:sulfur_spike -> using default); (Unknown registry key in ResourceKey[minecraft:root / minecraft:block]: minecraft:sulfur_spike -> using default); (Unknown registry key in ResourceKey[minecraft:root / minecraft:block]: minecraft:sulfur_spike -> using default); (Unknown registry key in ResourceKey[minecraft:root / minecraft:block]: minecraft:sulfur_spike -> using default); (Unknown registry key in ResourceKey[minecraft:root / minecraft:block]: minecraft:sulfur_spike -> using default); (Unknown registry key in ResourceKey[minecraft:root / minecraft:block]: minecraft:sulfur -> using default); (Unknown registry key in ResourceKey[minecraft:root / minecraft:block]: minecraft:cinnabar -> using default)
[00:52:45] [Worker-Main-6/ERROR]: Recoverable errors when loading section [-14, -3, -128]: (Unknown registry key in ResourceKey[minecraft:root / minecraft:block]: minecraft:cinnabar -> using default); (Unknown registry key in ResourceKey[minecraft:root / minecraft:block]: minecraft:sulfur -> using default)
[00:52:45] [Worker-Main-5/ERROR]: Recoverable errors when loading section [-14, -1, -130]: (Unknown registry key in ResourceKey[minecraft:root / minecraft:worldgen/biome]: minecraft:sulfur_caves -> using default)
[00:52:45] [Worker-Main-6/ERROR]: Recoverable errors when loading section [-14, -3, -128]: (Unknown registry key in ResourceKey[minecraft:root / minecraft:worldgen/biome]: minecraft:sulfur_caves -> using default)
[00:52:45] [Worker-Main-4/ERROR]: Recoverable errors when loading section [-14, -3, -129]: (Unknown registry key in ResourceKey[minecraft:root / minecraft:block]: minecraft:cinnabar -> using default); (Unknown registry key in ResourceKey[minecraft:root / minecraft:block]: minecraft:sulfur -> using default)
[00:52:45] [Worker-Main-5/ERROR]: Recoverable errors when loading section [-14, 0, -130]: (Unknown registry key in ResourceKey[minecraft:root / minecraft:block]: minecraft:sulfur_spike -> using default); (Unknown registry key in ResourceKey[minecraft:root / minecraft:block]: minecraft:cinnabar -> using default); (Unknown registry key in ResourceKey[minecraft:root / minecraft:block]: minecraft:sulfur -> using default)
[00:52:45] [Worker-Main-4/ERROR]: Recoverable errors when loading section [-14, -3, -129]: (Unknown registry key in ResourceKey[minecraft:root / minecraft:worldgen/biome]: minecraft:sulfur_caves -> using default)
[00:52:45] [Worker-Main-4/ERROR]: Recoverable errors when loading section [-14, -2, -129]: (Unknown registry key in ResourceKey[minecraft:root / minecraft:block]: minecraft:cinnabar -> using default); (Unknown registry key in ResourceKey[minecraft:root / minecraft:block]: minecraft:sulfur -> using default)
[00:52:45] [Worker-Main-4/ERROR]: Recoverable errors when loading section [-14, -2, -129]: (Unknown registry key in ResourceKey[minecraft:root / minecraft:worldgen/biome]: minecraft:sulfur_caves -> using default)
[00:52:45] [Worker-Main-4/ERROR]: Recoverable errors when loading section [-14, -1, -129]: (Unknown registry key in ResourceKey[minecraft:root / minecraft:block]: minecraft:sulfur -> using default); (Unknown registry key in ResourceKey[minecraft:root / minecraft:block]: minecraft:cinnabar -> using default)
[00:52:45] [Worker-Main-4/ERROR]: Recoverable errors when loading section [-14, -1, -129]: (Unknown registry key in ResourceKey[minecraft:root / minecraft:worldgen/biome]: minecraft:sulfur_caves -> using default)
[00:52:45] [Worker-Main-6/ERROR]: Recoverable errors when loading section [-14, -2, -128]: (Unknown registry key in ResourceKey[minecraft:root / minecraft:block]: minecraft:sulfur -> using default); (Unknown registry key in ResourceKey[minecraft:root / minecraft:block]: minecraft:cinnabar -> using default)
[00:52:45] [Worker-Main-6/ERROR]: Recoverable errors when loading section [-14, -2, -128]: (Unknown registry key in ResourceKey[minecraft:root / minecraft:worldgen/biome]: minecraft:sulfur_caves -> using default)
[00:52:45] [Worker-Main-6/ERROR]: Recoverable errors when loading section [-14, -1, -128]: (Unknown registry key in ResourceKey[minecraft:root / minecraft:block]: minecraft:sulfur_spike -> using default); (Unknown registry key in ResourceKey[minecraft:root / minecraft:block]: minecraft:cinnabar -> using default); (Unknown registry key in ResourceKey[minecraft:root / minecraft:block]: minecraft:sulfur -> using default)
[00:52:45] [Worker-Main-6/ERROR]: Recoverable errors when loading section [-14, -1, -128]: (Unknown registry key in ResourceKey[minecraft:root / minecraft:worldgen/biome]: minecraft:sulfur_caves -> using default)
[00:52:45] [Worker-Main-6/ERROR]: Recoverable errors when loading section [-14, 0, -128]: (Unknown registry key in ResourceKey[minecraft:root / minecraft:block]: minecraft:sulfur -> using default); (Unknown registry key in ResourceKey[minecraft:root / minecraft:block]: minecraft:cinnabar -> using default)
[00:52:45] [Worker-Main-5/ERROR]: Recoverable errors when loading section [-14, 0, -130]: (Unknown registry key in ResourceKey[minecraft:root / minecraft:worldgen/biome]: minecraft:sulfur_caves -> using default)
[00:52:45] [Worker-Main-6/ERROR]: Recoverable errors when loading section [-14, 0, -128]: (Unknown registry key in ResourceKey[minecraft:root / minecraft:worldgen/biome]: minecraft:sulfur_caves -> using default)
[00:52:45] [Worker-Main-5/ERROR]: Recoverable errors when loading section [-14, 1, -130]: (Unknown registry key in ResourceKey[minecraft:root / minecraft:block]: minecraft:sulfur -> using default)
[00:52:45] [Worker-Main-5/ERROR]: Recoverable errors when loading section [-14, 1, -130]: (Unknown registry key in ResourceKey[minecraft:root / minecraft:worldgen/biome]: minecraft:sulfur_caves -> using default)
[00:52:45] [Worker-Main-5/ERROR]: Recoverable errors when loading section [-14, -3, -127]: (Unknown registry key in ResourceKey[minecraft:root / minecraft:block]: minecraft:cinnabar -> using default); (Unknown registry key in ResourceKey[minecraft:root / minecraft:block]: minecraft:sulfur -> using default)
[00:52:45] [Worker-Main-5/ERROR]: Recoverable errors when loading section [-14, -3, -127]: (Unknown registry key in ResourceKey[minecraft:root / minecraft:worldgen/biome]: minecraft:sulfur_caves -> using default)
[00:52:45] [Worker-Main-5/ERROR]: Recoverable errors when loading section [-14, -2, -127]: (Unknown registry key in ResourceKey[minecraft:root / minecraft:block]: minecraft:cinnabar -> using default); (Unknown registry key in ResourceKey[minecraft:root / minecraft:block]: minecraft:sulfur_spike -> using default); (Unknown registry key in ResourceKey[minecraft:root / minecraft:block]: minecraft:sulfur -> using default)
[00:52:45] [Worker-Main-5/ERROR]: Recoverable errors when loading section [-14, -2, -127]: (Unknown registry key in ResourceKey[minecraft:root / minecraft:worldgen/biome]: minecraft:sulfur_caves -> using default)
[00:52:45] [Worker-Main-6/ERROR]: Recoverable errors when loading section [-14, -2, -125]: (Unknown registry key in ResourceKey[minecraft:root / minecraft:block]: minecraft:cinnabar -> using default); (Unknown registry key in ResourceKey[minecraft:root / minecraft:block]: minecraft:sulfur -> using default)
[00:52:45] [Worker-Main-4/ERROR]: Recoverable errors when loading section [-14, 0, -129]: (Unknown registry key in ResourceKey[minecraft:root / minecraft:block]: minecraft:sulfur_spike -> using default); (Unknown registry key in ResourceKey[minecraft:root / minecraft:block]: minecraft:sulfur_spike -> using default); (Unknown registry key in ResourceKey[minecraft:root / minecraft:block]: minecraft:sulfur_spike -> using default); (Unknown registry key in ResourceKey[minecraft:root / minecraft:block]: minecraft:sulfur_spike -> using default); (Unknown registry key in ResourceKey[minecraft:root / minecraft:block]: minecraft:sulfur -> using default); (Unknown registry key in ResourceKey[minecraft:root / minecraft:block]: minecraft:sulfur_spike -> using default); (Unknown registry key in ResourceKey[minecraft:root / minecraft:block]: minecraft:sulfur_spike -> using default); (Unknown registry key in ResourceKey[minecraft:root / minecraft:block]: minecraft:cinnabar -> using default)
[00:52:45] [Worker-Main-4/ERROR]: Recoverable errors when loading section [-14, 0, -129]: (Unknown registry key in ResourceKey[minecraft:root / minecraft:worldgen/biome]: minecraft:sulfur_caves -> using default)
[00:52:45] [Worker-Main-6/ERROR]: Recoverable errors when loading section [-14, -2, -125]: (Unknown registry key in ResourceKey[minecraft:root / minecraft:worldgen/biome]: minecraft:sulfur_caves -> using default)
[00:52:45] [Worker-Main-6/ERROR]: Recoverable errors when loading section [-14, -1, -125]: (Unknown registry key in ResourceKey[minecraft:root / minecraft:block]: minecraft:cinnabar -> using default); (Unknown registry key in ResourceKey[minecraft:root / minecraft:block]: minecraft:sulfur -> using default)
[00:52:45] [Worker-Main-6/ERROR]: Recoverable errors when loading section [-14, -1, -125]: (Unknown registry key in ResourceKey[minecraft:root / minecraft:worldgen/biome]: minecraft:sulfur_caves -> using default)
[00:52:45] [Worker-Main-6/ERROR]: Recoverable errors when loading section [-14, 0, -125]: (Unknown registry key in ResourceKey[minecraft:root / minecraft:block]: minecraft:sulfur -> using default); (Unknown registry key in ResourceKey[minecraft:root / minecraft:block]: minecraft:cinnabar -> using default)
[00:52:45] [Worker-Main-5/ERROR]: Recoverable errors when loading section [-14, -1, -127]: (Unknown registry key in ResourceKey[minecraft:root / minecraft:block]: minecraft:sulfur_spike -> using default); (Unknown registry key in ResourceKey[minecraft:root / minecraft:block]: minecraft:sulfur_spike -> using default); (Unknown registry key in ResourceKey[minecraft:root / minecraft:block]: minecraft:cinnabar -> using default); (Unknown registry key in ResourceKey[minecraft:root / minecraft:block]: minecraft:sulfur -> using default)
[00:52:45] [Worker-Main-5/ERROR]: Recoverable errors when loading section [-14, -1, -127]: (Unknown registry key in ResourceKey[minecraft:root / minecraft:worldgen/biome]: minecraft:sulfur_caves -> using default)
[00:52:45] [Worker-Main-5/ERROR]: Recoverable errors when loading section [-14, 0, -127]: (Unknown registry key in ResourceKey[minecraft:root / minecraft:block]: minecraft:sulfur_spike -> using default); (Unknown registry key in ResourceKey[minecraft:root / minecraft:block]: minecraft:sulfur_spike -> using default); (Unknown registry key in ResourceKey[minecraft:root / minecraft:block]: minecraft:sulfur_spike -> using default); (Unknown registry key in ResourceKey[minecraft:root / minecraft:block]: minecraft:sulfur_spike -> using default); (Unknown registry key in ResourceKey[minecraft:root / minecraft:block]: minecraft:sulfur_spike -> using default); (Unknown registry key in ResourceKey[minecraft:root / minecraft:block]: minecraft:sulfur_spike -> using default); (Unknown registry key in ResourceKey[minecraft:root / minecraft:block]: minecraft:sulfur -> using default); (Unknown registry key in ResourceKey[minecraft:root / minecraft:block]: minecraft:cinnabar -> using default)
[00:52:45] [Worker-Main-5/ERROR]: Recoverable errors when loading section [-14, 0, -127]: (Unknown registry key in ResourceKey[minecraft:root / minecraft:worldgen/biome]: minecraft:sulfur_caves -> using default)
[00:52:45] [Worker-Main-4/ERROR]: Recoverable errors when loading section [-14, 0, -135]: (Unknown registry key in ResourceKey[minecraft:root / minecraft:block]: minecraft:cinnabar -> using default); (Unknown registry key in ResourceKey[minecraft:root / minecraft:block]: minecraft:sulfur -> using default)
[00:52:45] [Worker-Main-4/ERROR]: Recoverable errors when loading section [-14, 0, -135]: (Unknown registry key in ResourceKey[minecraft:root / minecraft:worldgen/biome]: minecraft:sulfur_caves -> using default)
[00:52:45] [Worker-Main-5/ERROR]: Recoverable errors when loading section [-14, 0, -134]: (Unknown registry key in ResourceKey[minecraft:root / minecraft:block]: minecraft:sulfur_spike -> using default); (Unknown registry key in ResourceKey[minecraft:root / minecraft:block]: minecraft:sulfur_spike -> using default); (Unknown registry key in ResourceKey[minecraft:root / minecraft:block]: minecraft:sulfur -> using default)
[00:52:45] [Worker-Main-5/ERROR]: Recoverable errors when loading section [-14, 0, -134]: (Unknown registry key in ResourceKey[minecraft:root / minecraft:worldgen/biome]: minecraft:sulfur_caves -> using default)
[00:52:45] [Worker-Main-4/ERROR]: Recoverable errors when loading section [-14, -3, -126]: (Unknown registry key in ResourceKey[minecraft:root / minecraft:block]: minecraft:sulfur -> using default)
[00:52:45] [Worker-Main-4/ERROR]: Recoverable errors when loading section [-14, -3, -126]: (Unknown registry key in ResourceKey[minecraft:root / minecraft:worldgen/biome]: minecraft:sulfur_caves -> using default)
[00:52:45] [Worker-Main-4/ERROR]: Recoverable errors when loading section [-14, -2, -126]: (Unknown registry key in ResourceKey[minecraft:root / minecraft:block]: minecraft:sulfur_spike -> using default); (Unknown registry key in ResourceKey[minecraft:root / minecraft:block]: minecraft:cinnabar -> using default); (Unknown registry key in ResourceKey[minecraft:root / minecraft:block]: minecraft:sulfur -> using default)
[00:52:45] [Worker-Main-4/ERROR]: Recoverable errors when loading section [-14, -2, -126]: (Unknown registry key in ResourceKey[minecraft:root / minecraft:worldgen/biome]: minecraft:sulfur_caves -> using default)
[00:52:45] [Worker-Main-4/ERROR]: Recoverable errors when loading section [-14, -1, -126]: (Unknown registry key in ResourceKey[minecraft:root / minecraft:block]: minecraft:sulfur -> using default); (Unknown registry key in ResourceKey[minecraft:root / minecraft:block]: minecraft:cinnabar -> using default)
[00:52:45] [Worker-Main-4/ERROR]: Recoverable errors when loading section [-14, -1, -126]: (Unknown registry key in ResourceKey[minecraft:root / minecraft:worldgen/biome]: minecraft:sulfur_caves -> using default)
[00:52:45] [Worker-Main-4/ERROR]: Recoverable errors when loading section [-14, 0, -126]: (Unknown registry key in ResourceKey[minecraft:root / minecraft:block]: minecraft:cinnabar -> using default); (Unknown registry key in ResourceKey[minecraft:root / minecraft:block]: minecraft:sulfur -> using default)
[00:52:45] [Worker-Main-4/ERROR]: Recoverable errors when loading section [-14, 0, -126]: (Unknown registry key in ResourceKey[minecraft:root / minecraft:worldgen/biome]: minecraft:sulfur_caves -> using default)
[00:52:47] [Worker-Main-6/ERROR]: Recoverable errors when loading section [-7, 0, -143]: (Unknown registry key in ResourceKey[minecraft:root / minecraft:block]: minecraft:cinnabar -> using default); (Unknown registry key in ResourceKey[minecraft:root / minecraft:block]: minecraft:sulfur -> using default)
[00:52:47] [Worker-Main-6/ERROR]: Recoverable errors when loading section [-7, 0, -143]: (Unknown registry key in ResourceKey[minecraft:root / minecraft:worldgen/biome]: minecraft:sulfur_caves -> using default)
[00:52:47] [Worker-Main-5/ERROR]: Recoverable errors when loading section [-6, 0, -143]: (Unknown registry key in ResourceKey[minecraft:root / minecraft:block]: minecraft:sulfur_spike -> using default); (Unknown registry key in ResourceKey[minecraft:root / minecraft:block]: minecraft:cinnabar -> using default); (Unknown registry key in ResourceKey[minecraft:root / minecraft:block]: minecraft:sulfur_spike -> using default); (Unknown registry key in ResourceKey[minecraft:root / minecraft:block]: minecraft:sulfur_spike -> using default); (Unknown registry key in ResourceKey[minecraft:root / minecraft:block]: minecraft:potent_sulfur -> using default); (Unknown registry key in ResourceKey[minecraft:root / minecraft:block]: minecraft:sulfur -> using default)
[00:52:47] [Worker-Main-5/ERROR]: Recoverable errors when loading section [-6, 0, -143]: (Unknown registry key in ResourceKey[minecraft:root / minecraft:worldgen/biome]: minecraft:sulfur_caves -> using default)
[00:52:47] [Worker-Main-4/ERROR]: Recoverable errors when loading section [-5, 0, -143]: (Unknown registry key in ResourceKey[minecraft:root / minecraft:block]: minecraft:cinnabar -> using default); (Unknown registry key in ResourceKey[minecraft:root / minecraft:block]: minecraft:sulfur -> using default)
[00:52:47] [Worker-Main-4/ERROR]: Recoverable errors when loading section [-5, 0, -143]: (Unknown registry key in ResourceKey[minecraft:root / minecraft:worldgen/biome]: minecraft:sulfur_caves -> using default)
[00:52:49] [Server thread/ERROR]: Failed to parse statistics for ./world/players/stats/71c86cdc-3126-35c6-944c-f5ccc89a1b54.json: Unknown registry key in ResourceKey[minecraft:root / minecraft:item]: refurbished_furniture:light_electricity_generator; Unknown registry key in ResourceKey[minecraft:root / minecraft:item]: jeg:magazine_loader missed input: {"jeg:magazine_loader":1,"refurbished_furniture:light_electricity_generator":1}; Unknown registry key in ResourceKey[minecraft:root / minecraft:block]: minecraft:sulfur; Unknown registry key in ResourceKey[minecraft:root / minecraft:block]: minecraft:sulfur_spike missed input: {"minecraft:sulfur_spike":5,"minecraft:sulfur":89}; Unknown registry key in ResourceKey[minecraft:root / minecraft:item]: minecraft:sulfur_spike missed input: {"minecraft:sulfur_spike":6}; Unknown registry key in ResourceKey[minecraft:root / minecraft:item]: jeg:magazine_loader; Unknown registry key in ResourceKey[minecraft:root / minecraft:item]: minecraft:sulfur_cube_spawn_egg; Unknown registry key in ResourceKey[minecraft:root / minecraft:item]: refurbished_furniture:light_electricity_generator; Unknown registry key in ResourceKey[minecraft:root / minecraft:item]: minecraft:sulfur; Unknown registry key in ResourceKey[minecraft:root / minecraft:item]: minecraft:sulfur_spike missed input: {"minecraft:sulfur_spike":7,"minecraft:sulfur":5,"refurbished_furniture:light_electricity_generator":2,"minecraft:sulfur_cube_spawn_egg":1,"jeg:magazine_loader":2}; Unknown registry key in ResourceKey[minecraft:root / minecraft:item]: refurbished_furniture:light_electricity_generator; Unknown registry key in ResourceKey[minecraft:root / minecraft:item]: minecraft:sulfur; Unknown registry key in ResourceKey[minecraft:root / minecraft:item]: minecraft:sulfur_spike missed input: {"minecraft:sulfur_spike":12,"minecraft:sulfur":75,"refurbished_furniture:light_electricity_generator":1}; Unknown registry key in ResourceKey[minecraft:root / minecraft:entity_type]: minecraft:sulfur_cube missed input: {"minecraft:sulfur_cube":3} missed input: {"minecraft:killed":{"minecraft:stray":14,"minecraft:pig":13,"minecraft:vindicator":1,"mutantszombies:split_head_zombie":2,"minecraft:bat":4,"minecraft:silverfish":9,"minecraft:salmon":12,"minecraft:zombie":129,"minecraft:nautilus":2,"minecraft:glow_squid":2,"minecraft:zombie_villager":3,"minecraft:rabbit":5,"minecraft:chicken":17,"minecraft:drowned":27,"minecraft:cow":64,"minecraft:wolf":1,"minecraft:pillager":5,"mutantszombies:blister_zombie":1,"minecraft:skeleton":109,"minecraft:villager":1,"minecraft:spider":34,"minecraft:horse":1,"minecraft:husk":22,"minecraft:cave_spider":19,"minecraft:turtle":2,"minecraft:creeper":17,"minecraft:sheep":10,"minecraft:enderman":5,"minecraft:sulfur_cube":3,"minecraft:polar_bear":1,"minecraft:vex":2,"minecraft:breeze":4},"minecraft:picked_up":{"minecraft:cobblestone_wall":20,"minecraft:sweet_berries":226,"minecraft:cobblestone":2733,"minecraft:shears":3,"minecraft:minecart":2,"minecraft:brick":58,"minecraft:saddle":1,"jeg:pistol_ammo":251,"minecraft:sugar_cane":129,"minecraft:bone":221,"minecraft:rose_bush":82,"minecraft:clay_ball":8,"minecraft:waxed_copper_grate":18,"minecraft:iron_sword":2,"minecraft:white_banner":18,"minecraft:emerald":90,"minecraft:book":738,"minecraft:oxidized_cut_copper":2,"minecraft:ink_sac":6,"minecraft:light_blue_wool":18,"minecraft:spectral_arrow":11,"minecraft:bow":21,"minecraft:arrow":246,"minecraft:smooth_basalt":40,"minecraft:stone_shovel":1,"minecraft:red_tulip":4,"minecraft:iron_ingot":68,"minecraft:lilac":7,"minecraft:cactus":9,"minecraft:acacia_wood":1,"minecraft:crossbow":2,"minecraft:azalea":3,"minecraft:golden_leggings":3,"minecraft:dandelion":3,"minecraft:lava_bucket":1,"minecraft:nautilus_shell":2,"minecraft:mutton":13,"minecraft:guster_pottery_sherd":11,"minecraft:diamond_leggings":4,"minecraft:iron_chestplate":7,"minecraft:light_gray_carpet":4,"minecraft:brown_wool":2,"minecraft:stonecutter":1,"minecraft:big_dripleaf":14,"minecraft:cobblestone_stairs":13,"minecraft:cartography_table":3,"minecraft:oxeye_daisy":4,"minecraft:oak_stairs":3,"minecraft:oak_log":359,"minecraft:sand":280,"minecraft:furnace":16,"minecraft:wheat_seeds":1446,"minecraft:oak_door":3,"minecraft:sulfur_spike":12,"jeg:burst_rifle":4,"minecraft:quartz":75,"minecraft:egg":7,"minecraft:iron_leggings":8,"minecraft:diamond_sword":13,"minecraft:red_bed":1,"minecraft:iron_chain":3,"minecraft:brown_bed":10,"minecraft:iron_spear":1,"minecraft:red_mushroom":9,"minecraft:blast_furnace":1,"minecraft:loom":1,"minecraft:chiseled_tuff_bricks":7,"minecraft:oak_sign":1,"minecraft:beetroot_seeds":163,"minecraft:green_bed":1,"minecraft:ender_pearl":8,"minecraft:string":530,"minecraft:smithing_table":3,"minecraft:pink_carpet":1,"minecraft:obsidian":7,"minecraft:light_gray_terracotta":1,"minecraft:white_carpet":101,"minecraft:mushroom_stew":9,"minecraft:waxed_copper_bulb":2,"minecraft:cornflower":1,"minecraft:iron_helmet":4,"minecraft:dark_oak_slab":2,"minecraft:enchanted_book":7,"minecraft:birch_door":4,"minecraft:oak_fence_gate":7,"minecraft:spruce_sapling":54,"minecraft:spruce_fence_gate":5,"minecraft:scrape_pottery_sherd":2,"minecraft:flowering_azalea":6,"minecraft:white_bed":6,"minecraft:fishing_rod":1,"minecraft:bucket":10,"minecraft:stripped_oak_log":7,"minecraft:leather":144,"minecraft:cyan_wool":5,"minecraft:honey_bottle":4,"minecraft:lead":54,"minecraft:brown_mushroom":14,"minecraft:wooden_axe":2,"minecraft:armadillo_scute":2,"minecraft:sulfur":75,"minecraft:peony":19,"minecraft:prismarine_crystals":2,"minecraft:porkchop":27,"minecraft:carved_pumpkin":6,"minecraft:music_disc_precipice":1,"minecraft:stick":140,"minecraft:polished_tuff":3,"minecraft:wooden_sword":1,"minecraft:diamond_boots":4,"minecraft:moss_block":11,"minecraft:cooked_porkchop":17,"minecraft:white_harness":1,"minecraft:iron_axe":12,"minecraft:cauldron":5,"minecraft:red_carpet":216,"minecraft:raw_iron":574,"minecraft:diamond_chestplate":10,"minecraft:birch_fence":19,"minecraft:allium":2,"minecraft:waxed_oxidized_copper_grate":4,"minecraft:dead_bush":10,"minecraft:mossy_cobblestone":30,"minecraft:detector_rail":5,"minecraft:chest":9,"minecraft:lectern":1,"minecraft:pink_petals":6,"minecraft:yellow_bed":2,"minecraft:diamond_horse_armor":1,"minecraft:netherrack":554,"jeg:bulletproof_helmet_v":2,"minecraft:waxed_oxidized_chiseled_copper":1,"minecraft:stone":4,"minecraft:gravel":127,"minecraft:waxed_oxidized_copper_door":1,"minecraft:tuff":172,"minecraft:potato":728,"minecraft:terracotta":1,"minecraft:shield":22,"jeg:pistol_magazine":1,"minecraft:lapis_lazuli":502,"minecraft:spruce_stairs":1,"minecraft:activator_rail":1,"minecraft:ominous_bottle":3,"minecraft:trial_key":20,"minecraft:black_banner":2,"minecraft:waxed_oxidized_cut_copper_stairs":1,"minecraft:oak_boat":2,"minecraft:oak_planks":663,"minecraft:flint_and_steel":6,"refurbished_furniture:light_electricity_generator":1,"minecraft:raw_copper":521,"minecraft:red_candle":3,"minecraft:purple_bed":1,"minecraft:golden_shovel":2,"minecraft:rotten_flesh":214,"minecraft:ancient_debris":4,"minecraft:apple":23,"minecraft:blue_carpet":1,"minecraft:calcite":22,"minecraft:iron_nugget":36,"minecraft:smooth_sandstone":2,"minecraft:iron_door":1,"minecraft:poisonous_potato":2,"minecraft:name_tag":6,"minecraft:brewing_stand":3,"minecraft:composter":1,"minecraft:flint":11,"minecraft:redstone":633,"minecraft:glow_berries":26,"minecraft:firefly_bush":5,"minecraft:lantern":1,"minecraft:melon_slice":160,"minecraft:diamond":135,"minecraft:granite":176,"minecraft:smoker":1,"jeg:rifle_ammo":26,"minecraft:dark_oak_sapling":2,"minecraft:spruce_button":2,"minecraft:copper_chest":1,"minecraft:salmon":11,"minecraft:powered_rail":6,"minecraft:spruce_boat":5,"minecraft:cobbled_deepslate_stairs":1,"minecraft:gold_block":5,"minecraft:spyglass":8,"minecraft:dark_oak_button":4,"minecraft:iron_nautilus_armor":1,"minecraft:bowl":3,"minecraft:dark_oak_planks":74,"minecraft:hay_block":68,"minecraft:raw_gold":275,"minecraft:acacia_door":2,"jeg:combat_pistol":2,"minecraft:acacia_planks":13,"minecraft:beetroot":54,"minecraft:spruce_planks":98,"minecraft:lime_bed":2,"minecraft:dirt":3388,"minecraft:basalt":453,"minecraft:rail":47,"minecraft:bone_block":1,"minecraft:blue_wool":10,"minecraft:diamond_helmet":10,"minecraft:iron_shovel":3,"minecraft:golden_boots":3,"minecraft:azure_bluet":18,"minecraft:torch":289,"minecraft:diamond_pickaxe":10,"minecraft:cobbled_deepslate_wall":8,"minecraft:bread":64,"minecraft:iron_boots":12,"minecraft:spruce_log":405,"minecraft:cactus_flower":2,"minecraft:coal":927,"minecraft:oak_fence":37,"minecraft:birch_planks":26,"minecraft:iron_pickaxe":12,"minecraft:seagrass":2,"minecraft:milk_bucket":6,"minecraft:hopper":2,"minecraft:waxed_copper_block":3,"minecraft:birch_sapling":27,"minecraft:totem_of_undying":1,"minecraft:poppy":2,"minecraft:sunflower":24,"minecraft:stone_hoe":2,"minecraft:cooked_beef":67,"minecraft:white_wool":130,"minecraft:feather":14,"jeg:bulletproof_helmet_iv":2,"minecraft:potion":2,"minecraft:spruce_fence":14,"minecraft:fletching_table":2,"minecraft:polished_granite":1,"minecraft:red_glazed_terracotta":1,"minecraft:andesite":275,"minecraft:copper_ingot":18,"minecraft:ladder":1,"jeg:vehicle_assembling_table":64,"minecraft:amethyst_shard":512,"minecraft:sandstone":102,"minecraft:filled_map":15,"jeg:rifle_extended_magazine":1,"minecraft:carrot":316,"minecraft:rabbit":3,"minecraft:breeze_rod":7,"jeg:rifle_magazine":1,"minecraft:gold_nugget":45,"minecraft:water_bucket":5,"minecraft:stone_pickaxe":10,"minecraft:cod":2,"minecraft:gold_ingot":10,"minecraft:baked_potato":478,"minecraft:bolt_armor_trim_smithing_template":2,"minecraft:melon_seeds":18,"minecraft:copper_block":4,"minecraft:glow_ink_sac":7,"minecraft:golden_apple":11,"minecraft:polished_tuff_slab":2,"minecraft:waxed_oxidized_cut_copper":4,"minecraft:copper_ore":1,"minecraft:blackstone_wall":4,"minecraft:black_wool":5,"minecraft:chicken":15,"minecraft:cooked_chicken":3,"minecraft:grindstone":1,"minecraft:kelp":2,"minecraft:cobbled_deepslate":1459,"minecraft:pointed_dripstone":4,"minecraft:cyan_bed":5,"minecraft:pumpkin_seeds":24,"minecraft:stone_axe":3,"minecraft:amethyst_block":67,"minecraft:wheat":625,"minecraft:tuff_bricks":44,"minecraft:gunpowder":4,"minecraft:spruce_trapdoor":6,"minecraft:blackstone":130,"minecraft:copper_pickaxe":4,"minecraft:waxed_cut_copper_slab":2,"minecraft:magma_block":6,"minecraft:clock":2,"minecraft:smooth_stone":2,"minecraft:light_gray_wool":7,"minecraft:lodestone":5,"minecraft:leaf_litter":1552,"minecraft:grass_block":3,"minecraft:birch_log":98,"jeg:bulletproof_vest_v":1,"minecraft:compass":7,"minecraft:pumpkin":17,"minecraft:spider_eye":10,"minecraft:bone_meal":2,"minecraft:dark_oak_log":1,"minecraft:tipped_arrow":36,"minecraft:diorite":180,"minecraft:wooden_pickaxe":1,"minecraft:flower_pot":6,"minecraft:golden_helmet":1,"minecraft:crafting_table":22,"minecraft:oak_sapling":88,"minecraft:bundle":21,"minecraft:beef":83,"minecraft:wind_charge":13,"minecraft:glass_bottle":2,"minecraft:gray_banner":4,"minecraft:copper_axe":2,"minecraft:oak_slab":5,"minecraft:blue_bed":1,"minecraft:waxed_oxidized_copper":3,"minecraft:paper":2,"minecraft:gray_wool":15},"minecraft:used":{"minecraft:polished_tuff":2,"minecraft:birch_door":1,"minecraft:cartography_table":3,"minecraft:white_banner":19,"minecraft:diamond_sword":3164,"minecraft:campfire":1,"minecraft:wheat_seeds":478,"minecraft:mushroom_stew":5,"minecraft:glass":161,"minecraft:hay_block":22,"minecraft:birch_fence":43,"minecraft:oak_log":6,"minecraft:stonecutter":1,"minecraft:villager_spawn_egg":3,"minecraft:snowball":7,"minecraft:moss_block":10,"minecraft:calcite":1,"minecraft:bow":61,"minecraft:cobbled_deepslate_stairs":21,"minecraft:iron_leggings":4,"minecraft:loom":2,"minecraft:cobbled_deepslate":792,"minecraft:waxed_lightning_rod":2,"minecraft:mossy_cobblestone":1,"minecraft:golden_leggings":1,"minecraft:sulfur_spike":7,"minecraft:stone_shovel":295,"minecraft:fletching_table":1,"minecraft:anvil":4,"minecraft:spruce_fence_gate":3,"minecraft:melon_seeds":7,"minecraft:cooked_salmon":7,"minecraft:sand":22,"minecraft:wind_charge":1,"minecraft:lodestone":2,"minecraft:gray_banner":4,"minecraft:sulfur":5,"minecraft:shears":3,"jeg:bulletproof_helmet_v":1,"minecraft:bucket":175,"minecraft:oak_sapling":5,"minecraft:flower_pot":3,"minecraft:iron_door":3,"minecraft:oak_fence":133,"minecraft:grass_block":2,"minecraft:string":1,"refurbished_furniture:light_electricity_generator":2,"minecraft:shield":104,"minecraft:iron_pickaxe":4007,"minecraft:andesite":11,"minecraft:waxed_copper_block":1,"minecraft:iron_sword":525,"minecraft:oak_boat":2,"minecraft:cooked_mutton":7,"minecraft:copper_pickaxe":242,"minecraft:wandering_trader_spawn_egg":1,"minecraft:minecart":1,"minecraft:blackstone_wall":39,"minecraft:red_bed":1,"minecraft:diorite":1,"minecraft:tropical_fish_bucket":1,"minecraft:map":1,"minecraft:bee_nest":1,"minecraft:cobblestone":2041,"minecraft:diamond_chestplate":2,"minecraft:stone":2,"minecraft:waxed_copper_grate":9,"minecraft:golden_apple":7,"minecraft:axolotl_bucket":2,"minecraft:crafting_table":26,"minecraft:iron_chestplate":3,"minecraft:spruce_trapdoor":1,"minecraft:red_mushroom":1,"minecraft:potion":1,"minecraft:tuff_bricks":11,"minecraft:bone_block":1,"minecraft:baked_potato":337,"minecraft:apple":5,"minecraft:horse_spawn_egg":1,"minecraft:smoker":1,"minecraft:waxed_oxidized_chiseled_copper":1,"minecraft:melon_slice":21,"minecraft:sulfur_cube_spawn_egg":1,"minecraft:stone_hoe":405,"minecraft:spruce_log":5,"minecraft:pumpkin":4,"minecraft:water_bucket":137,"minecraft:golden_sword":30,"minecraft:iron_spear":19,"minecraft:bread":130,"minecraft:torch":789,"minecraft:chicken":1,"minecraft:cobblestone_stairs":123,"jeg:magazine_loader":2,"minecraft:gravel":4,"minecraft:cooked_chicken":14,"minecraft:amethyst_block":19,"minecraft:chest":33,"minecraft:brown_bed":8,"minecraft:cauldron":5,"minecraft:enchanting_table":1,"minecraft:sandstone":76,"minecraft:big_dripleaf":5,"minecraft:iron_axe":1099,"minecraft:leaf_litter":19,"jeg:vehicle_assembling_table":3,"minecraft:spruce_pressure_plate":2,"minecraft:iron_block":8,"minecraft:potato":362,"minecraft:copper_chest":1,"minecraft:glow_berries":23,"minecraft:glass_bottle":3,"minecraft:wooden_axe":21,"minecraft:oak_sign":16,"jeg:bulletproof_helmet_iii":1,"minecraft:golden_boots":1,"minecraft:lantern":1,"minecraft:cooked_porkchop":28,"minecraft:granite":11,"minecraft:iron_shovel":3106,"minecraft:chiseled_tuff_bricks":1,"minecraft:red_carpet":4,"minecraft:firefly_bush":1,"minecraft:smithing_table":4,"minecraft:flowering_azalea":5,"minecraft:grindstone":1,"minecraft:blackstone":2,"minecraft:beetroot_seeds":57,"minecraft:stone_pickaxe":120,"minecraft:oak_door":4,"jeg:burst_rifle":505,"minecraft:acacia_planks":3,"minecraft:netherrack":113,"minecraft:spruce_boat":4,"minecraft:yellow_bed":1,"minecraft:lingering_potion":1,"minecraft:birch_planks":69,"minecraft:rotten_flesh":7,"minecraft:writable_book":1,"minecraft:experience_bottle":2,"minecraft:bone_meal":1,"minecraft:dark_oak_planks":25,"minecraft:dirt":1671,"minecraft:compass":3,"minecraft:fishing_rod":14,"minecraft:spruce_planks":731,"minecraft:bamboo_hanging_sign":2,"minecraft:cooked_rabbit":1,"minecraft:waxed_oxidized_copper_door":1,"minecraft:cooked_cod":2,"minecraft:rail":1,"minecraft:waxed_copper_bulb":2,"minecraft:lectern":2,"minecraft:spyglass":119,"minecraft:splash_potion":2,"minecraft:red_candle":3,"minecraft:oak_planks":368,"minecraft:sugar_cane":8,"minecraft:copper_axe":198,"minecraft:trial_key":10,"minecraft:stone_axe":411,"minecraft:spruce_fence":46,"minecraft:polished_deepslate_wall":1,"minecraft:milk_bucket":27,"minecraft:purple_bed":1,"minecraft:copper_shovel":195,"minecraft:bookshelf":36,"minecraft:diamond_pickaxe":4878,"minecraft:wooden_sword":44,"minecraft:crossbow":20,"minecraft:blast_furnace":5,"minecraft:cobbled_deepslate_wall":171,"minecraft:tuff":35,"minecraft:brewing_stand":3,"minecraft:sweet_berries":117,"minecraft:lava_bucket":36,"minecraft:cobblestone_wall":74,"minecraft:oak_slab":5,"minecraft:lime_bed":2,"minecraft:copper_block":5,"minecraft:carrot":171,"minecraft:oak_fence_gate":10,"minecraft:white_bed":8,"minecraft:gold_block":4,"minecraft:cyan_bed":5,"minecraft:smooth_basalt":5,"minecraft:furnace":24,"minecraft:blue_bed":1,"minecraft:barrel":1,"minecraft:iron_boots":4,"minecraft:bundle":1,"minecraft:spruce_button":3,"minecraft:green_bed":1,"minecraft:composter":2,"minecraft:cooked_beef":62,"minecraft:flint_and_steel":45,"minecraft:iron_helmet":3,"minecraft:carved_pumpkin":4,"minecraft:spruce_sapling":4,"minecraft:egg":5,"minecraft:golden_shovel":228},"minecraft:dropped":{"minecraft:allium":2,"minecraft:waxed_oxidized_copper_grate":4,"minecraft:andesite":8,"minecraft:scrape_pottery_sherd":2,"minecraft:sweet_berries":16,"minecraft:oak_boat":1,"minecraft:oxeye_daisy":2,"minecraft:spruce_button":1,"minecraft:gravel":11,"minecraft:bone":66,"minecraft:brick":58,"minecraft:ink_sac":2,"minecraft:bowl":2,"minecraft:tuff_bricks":27,"minecraft:enchanted_book":1,"minecraft:polished_granite":1,"minecraft:azure_bluet":1,"minecraft:oak_sapling":28,"minecraft:filled_map":5,"minecraft:cooked_chicken":3,"minecraft:minecart":1,"minecraft:polished_tuff_slab":2,"minecraft:name_tag":2,"minecraft:amethyst_block":32,"minecraft:redstone":6,"minecraft:grass_block":1,"minecraft:tuff":32,"minecraft:book":10,"minecraft:pink_carpet":1,"minecraft:milk_bucket":6,"minecraft:light_gray_carpet":2,"minecraft:arrow":11,"minecraft:spruce_sapling":6,"minecraft:carrot":103,"minecraft:spruce_log":65,"minecraft:dead_bush":8,"minecraft:wooden_axe":1,"minecraft:gold_ingot":6,"minecraft:smooth_basalt":8,"minecraft:stone_axe":1,"minecraft:cooked_mutton":1,"minecraft:iron_pickaxe":2,"minecraft:dark_oak_log":1,"minecraft:baked_potato":69,"minecraft:diorite":10,"minecraft:golden_apple":3,"minecraft:rotten_flesh":58,"minecraft:stone_shovel":2,"minecraft:iron_helmet":2,"minecraft:iron_chestplate":1,"minecraft:torch":79,"minecraft:birch_planks":1,"minecraft:clock":1,"minecraft:bow":9,"minecraft:bucket":2,"minecraft:dirt":352,"minecraft:activator_rail":8,"minecraft:raw_copper":13,"minecraft:melon_slice":3,"minecraft:waxed_oxidized_cut_copper_stairs":1,"minecraft:oak_fence":8,"minecraft:red_glazed_terracotta":1,"minecraft:diamond_horse_armor":1,"minecraft:emerald":65,"minecraft:rail":36,"minecraft:coal":52,"minecraft:potato":16,"minecraft:glass_bottle":2,"minecraft:apple":1,"minecraft:birch_door":2,"minecraft:cooked_beef":13,"minecraft:stone_hoe":3,"minecraft:raw_iron":9,"minecraft:waxed_copper_grate":9,"minecraft:brown_bed":1,"minecraft:crafting_table":3,"minecraft:dark_oak_button":3,"minecraft:lapis_lazuli":30,"minecraft:netherrack":13,"minecraft:spyglass":1,"minecraft:cooked_porkchop":6,"jeg:pistol_ammo":235,"minecraft:azalea":3,"minecraft:iron_axe":3,"minecraft:iron_shovel":1,"minecraft:glow_berries":4,"minecraft:oak_planks":46,"minecraft:powered_rail":13,"minecraft:porkchop":1,"minecraft:wheat":3,"minecraft:detector_rail":5,"minecraft:lead":5,"minecraft:basalt":6,"minecraft:kelp":2,"minecraft:cobbled_deepslate":137,"minecraft:egg":6,"minecraft:spruce_fence_gate":2,"minecraft:wheat_seeds":280,"minecraft:iron_ingot":25,"minecraft:compass":5,"minecraft:spruce_trapdoor":1,"minecraft:flower_pot":2,"minecraft:stone_pickaxe":5,"minecraft:shield":2,"minecraft:rose_bush":40,"minecraft:calcite":3,"minecraft:white_carpet":2,"minecraft:copper_ingot":6,"minecraft:oak_log":20,"minecraft:dark_oak_sapling":15,"minecraft:diamond_pickaxe":5,"minecraft:dandelion":2,"minecraft:string":114,"minecraft:seagrass":2,"minecraft:stick":12,"minecraft:cooked_salmon":8,"minecraft:bread":39,"minecraft:spider_eye":3,"minecraft:waxed_oxidized_cut_copper":4,"minecraft:iron_boots":2,"minecraft:sulfur_spike":6,"minecraft:ladder":1,"minecraft:guster_pottery_sherd":9,"minecraft:melon_seeds":3,"minecraft:iron_chain":3,"minecraft:red_carpet":14,"minecraft:cobblestone":135,"minecraft:pointed_dripstone":3,"minecraft:spruce_planks":36,"minecraft:waxed_cut_copper_slab":1,"minecraft:cobblestone_stairs":3,"minecraft:pumpkin_seeds":8,"minecraft:bundle":1,"minecraft:white_wool":8,"minecraft:leather":36,"minecraft:blue_carpet":1,"minecraft:diamond_chestplate":1,"minecraft:diamond_leggings":1,"minecraft:granite":25,"minecraft:saddle":1,"minecraft:birch_log":17,"minecraft:diamond":19,"minecraft:feather":14,"minecraft:oxidized_cut_copper":2,"minecraft:waxed_copper_block":2,"jeg:burst_rifle":3,"minecraft:cobblestone_wall":6,"minecraft:poisonous_potato":1,"minecraft:beetroot_seeds":8,"minecraft:birch_sapling":2,"jeg:vehicle_assembling_table":63,"minecraft:waxed_oxidized_copper":3,"minecraft:water_bucket":1,"minecraft:trial_key":3,"minecraft:chiseled_tuff_bricks":3,"minecraft:leaf_litter":902,"minecraft:furnace":1,"minecraft:diamond_sword":1,"minecraft:lodestone":2,"minecraft:amethyst_shard":1,"minecraft:dark_oak_planks":11,"jeg:combat_pistol":2},"minecraft:mined":{"minecraft:torch":55,"minecraft:oak_fence_gate":7,"minecraft:red_tulip":4,"minecraft:spruce_log":423,"minecraft:nether_quartz_ore":38,"minecraft:chest":8,"minecraft:pumpkin":17,"minecraft:netherrack":1400,"minecraft:brown_bed":7,"minecraft:bone_block":1,"minecraft:waxed_oxidized_cut_copper":1,"minecraft:brown_mushroom":14,"minecraft:spruce_planks":70,"minecraft:birch_log":98,"minecraft:sweet_berry_bush":53,"minecraft:large_fern":18,"minecraft:magma_block":8,"minecraft:dark_oak_planks":36,"minecraft:blue_bed":1,"minecraft:waxed_weathered_copper_bulb":1,"minecraft:blackstone":163,"minecraft:grindstone":1,"minecraft:dark_oak_sapling":2,"minecraft:gold_block":5,"minecraft:wall_torch":71,"minecraft:yellow_bed":2,"minecraft:fire":43,"minecraft:smithing_table":2,"minecraft:azalea":3,"minecraft:azure_bluet":18,"minecraft:black_wall_banner":2,"minecraft:glass_pane":21,"minecraft:dandelion":3,"minecraft:glass":1,"minecraft:lantern":1,"minecraft:kelp":3,"minecraft:oak_leaves":453,"minecraft:brewing_stand":3,"minecraft:clay":4,"minecraft:cyan_bed":5,"minecraft:spruce_stairs":1,"minecraft:rose_bush":31,"minecraft:fletching_table":2,"minecraft:deepslate_copper_ore":11,"minecraft:waxed_oxidized_copper_door":1,"minecraft:large_amethyst_bud":6,"minecraft:tall_grass":7,"minecraft:waxed_copper_block":5,"minecraft:polished_tuff_slab":2,"minecraft:emerald_ore":1,"minecraft:tall_dry_grass":6,"minecraft:tripwire":1,"minecraft:pink_petals":3,"minecraft:medium_amethyst_bud":5,"minecraft:water_cauldron":1,"minecraft:moss_carpet":1,"minecraft:sand":269,"minecraft:white_banner":7,"minecraft:seagrass":3,"minecraft:stonecutter":1,"minecraft:potted_cactus":2,"minecraft:polished_granite":1,"minecraft:waxed_cut_copper_slab":1,"minecraft:lapis_ore":17,"minecraft:red_bed":1,"minecraft:lime_bed":2,"minecraft:vine":3,"minecraft:sea_lantern":1,"minecraft:carrots":94,"minecraft:lectern":1,"minecraft:sunflower":14,"minecraft:short_grass":80,"minecraft:red_mushroom":7,"minecraft:dirt_path":107,"minecraft:crafting_table":17,"minecraft:flowering_azalea":6,"minecraft:deepslate_redstone_ore":99,"minecraft:leaf_litter":281,"minecraft:stripped_oak_log":7,"minecraft:copper_ore":89,"minecraft:waxed_exposed_copper_bulb":1,"minecraft:smooth_stone":2,"minecraft:cave_vines_plant":2,"minecraft:blast_furnace":1,"minecraft:budding_amethyst":7,"minecraft:cauldron":2,"minecraft:cactus":5,"minecraft:birch_planks":17,"minecraft:sulfur_spike":5,"minecraft:white_wall_banner":8,"minecraft:frosted_ice":25,"minecraft:bush":3,"minecraft:wheat":466,"minecraft:mossy_cobblestone":34,"minecraft:big_dripleaf":7,"minecraft:grass_block":1405,"minecraft:tuff_bricks":35,"minecraft:white_wool":2,"minecraft:calcite":20,"minecraft:spore_blossom":1,"minecraft:light_blue_wool":18,"minecraft:lodestone":1,"minecraft:smooth_basalt":36,"minecraft:amethyst_block":43,"minecraft:blue_wool":10,"minecraft:oxeye_daisy":3,"minecraft:farmland":8,"minecraft:obsidian":7,"minecraft:waxed_oxidized_copper_grate":5,"minecraft:waxed_oxidized_copper":1,"minecraft:cave_vines":7,"minecraft:sandstone":88,"minecraft:melon":30,"jeg:vehicle_assembling_table":1,"minecraft:iron_door":1,"minecraft:birch_leaves":34,"minecraft:oak_fence":19,"minecraft:moss_block":15,"minecraft:mushroom_stem":6,"minecraft:decorated_pot":19,"minecraft:fern":23,"minecraft:kelp_plant":9,"minecraft:deepslate_diamond_ore":102,"minecraft:potatoes":219,"minecraft:copper_block":4,"minecraft:iron_ore":292,"minecraft:beetroots":56,"minecraft:red_candle":1,"minecraft:oak_planks":121,"minecraft:cobblestone":110,"minecraft:sugar_cane":62,"minecraft:spruce_fence_gate":3,"minecraft:red_mushroom_block":30,"minecraft:furnace":15,"minecraft:waxed_oxidized_chiseled_copper":1,"minecraft:cartography_table":3,"minecraft:pointed_dripstone":2,"minecraft:purple_bed":1,"minecraft:tall_seagrass":3,"minecraft:rail":2,"minecraft:dirt":1183,"minecraft:cobblestone_wall":18,"minecraft:sulfur":89,"minecraft:hopper":2,"minecraft:basalt":597,"minecraft:deepslate":1130,"minecraft:oak_log":300,"minecraft:oak_door":2,"minecraft:redstone_ore":23,"minecraft:spawner":4,"minecraft:oak_slab":5,"minecraft:small_amethyst_bud":3,"minecraft:gravel":143,"minecraft:waxed_copper_grate":1,"minecraft:loom":1,"minecraft:red_carpet":1,"minecraft:melon_stem":7,"minecraft:lilac":8,"minecraft:firefly_bush":3,"minecraft:gold_ore":54,"minecraft:chiseled_tuff":1,"minecraft:andesite":273,"minecraft:dark_oak_slab":2,"minecraft:deepslate_gold_ore":200,"minecraft:ice":1,"minecraft:poppy":1,"minecraft:deepslate_lapis_ore":46,"minecraft:deepslate_iron_ore":238,"minecraft:waxed_copper_bulb":3,"minecraft:green_bed":1,"minecraft:amethyst_cluster":56,"minecraft:copper_chest":1,"minecraft:stone":2630,"minecraft:blackstone_wall":4,"minecraft:granite":144,"minecraft:cobblestone_stairs":12,"minecraft:spruce_fence":15,"minecraft:coal_ore":510,"minecraft:diorite":205,"minecraft:ancient_debris":4,"minecraft:hay_block":71,"minecraft:spruce_trapdoor":7,"minecraft:white_bed":6,"minecraft:smoker":1,"minecraft:cyan_wool":5,"minecraft:cobbled_deepslate_wall":9,"minecraft:birch_fence":19,"minecraft:composter":1,"minecraft:bookshelf":53,"minecraft:cobbled_deepslate_stairs":1,"minecraft:white_carpet":2,"minecraft:short_dry_grass":3,"minecraft:glow_lichen":7,"minecraft:red_glazed_terracotta":1,"minecraft:cobweb":267,"minecraft:peony":19,"minecraft:spruce_leaves":311,"minecraft:chiseled_tuff_bricks":9,"minecraft:cobbled_deepslate":30,"minecraft:carved_pumpkin":4,"minecraft:tuff":97,"minecraft:polished_tuff":1,"minecraft:nether_gold_ore":7,"minecraft:polished_andesite":4,"minecraft:cornflower":1,"minecraft:dead_bush":20,"minecraft:gray_wall_banner":4,"minecraft:acacia_planks":1},"minecraft:crafted":{"jeg:bulletproof_helmet_i":1,"minecraft:wooden_axe":2,"minecraft:wooden_sword":2,"minecraft:wind_charge":4,"minecraft:gold_ingot":120,"jeg:flashlight":1,"minecraft:book":21,"minecraft:iron_chestplate":1,"minecraft:glass_pane":16,"jeg:bulletproof_helmet_v":1,"minecraft:clock":1,"jeg:bulletproof_vest_ii":1,"minecraft:oak_fence":119,"jeg:rifle_extended_magazine":2,"minecraft:filled_map":3,"minecraft:light_gray_wool":16,"jeg:bulletproof_helmet_iii":1,"minecraft:birch_door":3,"minecraft:diamond_pickaxe":1,"minecraft:chest":25,"minecraft:iron_block":23,"minecraft:bookshelf":37,"minecraft:bow":2,"minecraft:bucket":6,"minecraft:flint_and_steel":1,"minecraft:mushroom_stew":1,"jeg:bulletproof_vest_iv":1,"minecraft:stone_hoe":4,"minecraft:glass":192,"minecraft:oak_sign":21,"jeg:vehicle_assembling_table":1,"jeg:rifle_ammo":840,"minecraft:spruce_fence":32,"jeg:classic_spray_can":1,"jeg:magazine_loader":1,"minecraft:campfire":1,"minecraft:globe_banner_pattern":1,"minecraft:redstone_block":9,"minecraft:yellow_dye":15,"refurbished_furniture:light_electricity_generator":1,"minecraft:cooked_mutton":9,"minecraft:iron_door":3,"minecraft:iron_boots":1,"jeg:bulletproof_helmet_ii":1,"minecraft:smooth_stone":24,"minecraft:white_wool":56,"minecraft:charcoal":37,"minecraft:cooked_beef":73,"minecraft:blue_dye":70,"minecraft:oak_slab":18,"minecraft:barrel":1,"minecraft:iron_bars":32,"minecraft:paper":87,"minecraft:furnace":14,"minecraft:iron_ingot":466,"jeg:bulletproof_helmet_iv":1,"minecraft:lead":10,"minecraft:diamond_helmet":3,"minecraft:stone":23,"jeg:reflex_sight":1,"minecraft:diamond_leggings":3,"minecraft:enchanted_book":1,"jeg:rifle_magazine":3,"minecraft:baked_potato":451,"minecraft:tropical_fish_bucket":1,"minecraft:shield":4,"minecraft:stone_axe":3,"minecraft:iron_axe":4,"minecraft:piston":1,"minecraft:spruce_button":3,"minecraft:cobblestone_stairs":101,"minecraft:golden_apple":4,"minecraft:spruce_fence_gate":1,"minecraft:cooked_salmon":10,"minecraft:diamond_boots":4,"minecraft:smithing_table":1,"minecraft:writable_book":1,"minecraft:birch_fence":24,"minecraft:waxed_lightning_rod":1,"minecraft:map":2,"minecraft:stick":308,"minecraft:compass":8,"minecraft:minecart":1,"minecraft:black_dye":1,"minecraft:cooked_porkchop":31,"jeg:tactical_stock":1,"minecraft:iron_helmet":1,"minecraft:lightning_rod":1,"minecraft:light_gray_dye":16,"minecraft:air":0,"minecraft:bone_meal":89,"minecraft:spyglass":2,"minecraft:oak_boat":1,"jeg:vertical_grip":1,"minecraft:glass_bottle":3,"minecraft:red_dye":7,"minecraft:blast_furnace":3,"minecraft:copper_axe":1,"minecraft:redstone_torch":1,"minecraft:loom":1,"minecraft:bundle":1,"minecraft:oak_planks":1082,"jeg:bulletproof_vest_i":1,"minecraft:cooked_cod":2,"minecraft:enchanting_table":1,"minecraft:iron_sword":3,"minecraft:shears":2,"minecraft:iron_shovel":11,"minecraft:white_banner":5,"jeg:burst_rifle":1,"jeg:bulletproof_vest_v":1,"minecraft:stone_shovel":3,"minecraft:white_dye":90,"minecraft:cooked_chicken":15,"minecraft:birch_planks":268,"minecraft:anvil":4,"minecraft:netherite_ingot":1,"minecraft:wooden_pickaxe":2,"minecraft:spruce_slab":6,"minecraft:oak_door":3,"minecraft:oak_fence_gate":4,"minecraft:composter":1,"minecraft:diamond_chestplate":3,"minecraft:diamond_sword":1,"minecraft:emerald":18,"minecraft:netherite_scrap":4,"minecraft:copper_shovel":1,"minecraft:wheat":494,"jeg:bulletproof_vest_iii":1,"minecraft:spruce_trapdoor":2,"minecraft:gold_block":4,"minecraft:spruce_boat":1,"minecraft:cooked_rabbit":1,"minecraft:copper_ingot":245,"minecraft:bread":106,"minecraft:hay_block":11,"minecraft:crafting_table":12,"minecraft:spruce_pressure_plate":2,"minecraft:torch":594,"minecraft:white_bed":2,"minecraft:saddle":2,"minecraft:gunpowder":33,"minecraft:spruce_planks":1095,"minecraft:lectern":1,"minecraft:iron_pickaxe":11,"minecraft:copper_pickaxe":2,"minecraft:copper_block":4,"minecraft:iron_leggings":1}}
[00:52:50] [Server thread/WARN]: Ignored advancement 'minecraft:recipes/building_blocks/sulfur_from_sulfur_spikes' in progress file ./world/players/advancements/71c86cdc-3126-35c6-944c-f5ccc89a1b54.json - it doesn't exist anymore?
[00:52:50] [Server thread/WARN]: Ignored advancement 'minecraft:recipes/building_blocks/polished_sulfur_slab_from_sulfur_stonecutting' in progress file ./world/players/advancements/71c86cdc-3126-35c6-944c-f5ccc89a1b54.json - it doesn't exist anymore?
[00:52:50] [Server thread/WARN]: Ignored advancement 'minecraft:recipes/building_blocks/polished_sulfur' in progress file ./world/players/advancements/71c86cdc-3126-35c6-944c-f5ccc89a1b54.json - it doesn't exist anymore?
[00:52:50] [Server thread/WARN]: Ignored advancement 'minecraft:recipes/building_blocks/potent_sulfur' in progress file ./world/players/advancements/71c86cdc-3126-35c6-944c-f5ccc89a1b54.json - it doesn't exist anymore?
[00:52:50] [Server thread/WARN]: Ignored advancement 'minecraft:recipes/decorations/sulfur_wall_from_sulfur_stonecutting' in progress file ./world/players/advancements/71c86cdc-3126-35c6-944c-f5ccc89a1b54.json - it doesn't exist anymore?
[00:52:50] [Server thread/WARN]: Ignored advancement 'minecraft:recipes/decorations/sulfur_wall' in progress file ./world/players/advancements/71c86cdc-3126-35c6-944c-f5ccc89a1b54.json - it doesn't exist anymore?
[00:52:50] [Server thread/WARN]: Ignored advancement 'minecraft:recipes/building_blocks/sulfur_bricks_from_sulfur_stonecutting' in progress file ./world/players/advancements/71c86cdc-3126-35c6-944c-f5ccc89a1b54.json - it doesn't exist anymore?
[00:52:50] [Server thread/WARN]: Ignored advancement 'minecraft:recipes/building_blocks/sulfur_stairs_from_sulfur_stonecutting' in progress file ./world/players/advancements/71c86cdc-3126-35c6-944c-f5ccc89a1b54.json - it doesn't exist anymore?
[00:52:50] [Server thread/WARN]: Ignored advancement 'minecraft:recipes/building_blocks/sulfur_brick_slab_from_sulfur_stonecutting' in progress file ./world/players/advancements/71c86cdc-3126-35c6-944c-f5ccc89a1b54.json - it doesn't exist anymore?
[00:52:50] [Server thread/WARN]: Ignored advancement 'minecraft:recipes/building_blocks/sulfur_stairs' in progress file ./world/players/advancements/71c86cdc-3126-35c6-944c-f5ccc89a1b54.json - it doesn't exist anymore?
[00:52:50] [Server thread/WARN]: Ignored advancement 'minecraft:recipes/decorations/sulfur_brick_wall_from_sulfur_stonecutting' in progress file ./world/players/advancements/71c86cdc-3126-35c6-944c-f5ccc89a1b54.json - it doesn't exist anymore?
[00:52:50] [Server thread/WARN]: Ignored advancement 'minecraft:recipes/building_blocks/sulfur_slab_from_sulfur_stonecutting' in progress file ./world/players/advancements/71c86cdc-3126-35c6-944c-f5ccc89a1b54.json - it doesn't exist anymore?
[00:52:50] [Server thread/WARN]: Ignored advancement 'minecraft:recipes/decorations/polished_sulfur_wall_from_sulfur_stonecutting' in progress file ./world/players/advancements/71c86cdc-3126-35c6-944c-f5ccc89a1b54.json - it doesn't exist anymore?
[00:52:50] [Server thread/WARN]: Ignored advancement 'minecraft:recipes/building_blocks/polished_sulfur_from_sulfur_stonecutting' in progress file ./world/players/advancements/71c86cdc-3126-35c6-944c-f5ccc89a1b54.json - it doesn't exist anymore?
[00:52:50] [Server thread/WARN]: Ignored advancement 'minecraft:recipes/building_blocks/polished_sulfur_stairs_from_sulfur_stonecutting' in progress file ./world/players/advancements/71c86cdc-3126-35c6-944c-f5ccc89a1b54.json - it doesn't exist anymore?
[00:52:50] [Server thread/WARN]: Ignored advancement 'minecraft:recipes/building_blocks/sulfur_slab' in progress file ./world/players/advancements/71c86cdc-3126-35c6-944c-f5ccc89a1b54.json - it doesn't exist anymore?
[00:52:50] [Server thread/WARN]: Ignored advancement 'minecraft:recipes/building_blocks/sulfur_brick_stairs_from_sulfur_stonecutting' in progress file ./world/players/advancements/71c86cdc-3126-35c6-944c-f5ccc89a1b54.json - it doesn't exist anymore?
[00:52:50] [Server thread/WARN]: Ignored advancement 'minecraft:recipes/building_blocks/chiseled_sulfur_from_sulfur_stonecutting' in progress file ./world/players/advancements/71c86cdc-3126-35c6-944c-f5ccc89a1b54.json - it doesn't exist anymore?
[00:52:50] [Server thread/WARN]: Ignored advancement 'minecraft:recipes/building_blocks/polished_cinnabar_from_cinnabar_stonecutting' in progress file ./world/players/advancements/71c86cdc-3126-35c6-944c-f5ccc89a1b54.json - it doesn't exist anymore?
[00:52:50] [Server thread/WARN]: Ignored advancement 'minecraft:recipes/building_blocks/chiseled_cinnabar_from_cinnabar_stonecutting' in progress file ./world/players/advancements/71c86cdc-3126-35c6-944c-f5ccc89a1b54.json - it doesn't exist anymore?
[00:52:50] [Server thread/WARN]: Ignored advancement 'minecraft:recipes/building_blocks/cinnabar_slab' in progress file ./world/players/advancements/71c86cdc-3126-35c6-944c-f5ccc89a1b54.json - it doesn't exist anymore?
[00:52:50] [Server thread/WARN]: Ignored advancement 'minecraft:recipes/building_blocks/polished_cinnabar' in progress file ./world/players/advancements/71c86cdc-3126-35c6-944c-f5ccc89a1b54.json - it doesn't exist anymore?
[00:52:50] [Server thread/WARN]: Ignored advancement 'minecraft:recipes/building_blocks/polished_cinnabar_stairs_from_cinnabar_stonecutting' in progress file ./world/players/advancements/71c86cdc-3126-35c6-944c-f5ccc89a1b54.json - it doesn't exist anymore?
[00:52:50] [Server thread/WARN]: Ignored advancement 'minecraft:recipes/decorations/cinnabar_wall' in progress file ./world/players/advancements/71c86cdc-3126-35c6-944c-f5ccc89a1b54.json - it doesn't exist anymore?
[00:52:50] [Server thread/WARN]: Ignored advancement 'minecraft:recipes/building_blocks/cinnabar_brick_stairs_from_cinnabar_stonecutting' in progress file ./world/players/advancements/71c86cdc-3126-35c6-944c-f5ccc89a1b54.json - it doesn't exist anymore?
[00:52:50] [Server thread/WARN]: Ignored advancement 'minecraft:recipes/building_blocks/cinnabar_bricks_from_cinnabar_stonecutting' in progress file ./world/players/advancements/71c86cdc-3126-35c6-944c-f5ccc89a1b54.json - it doesn't exist anymore?
[00:52:50] [Server thread/WARN]: Ignored advancement 'minecraft:recipes/decorations/cinnabar_wall_from_cinnabar_stonecutting' in progress file ./world/players/advancements/71c86cdc-3126-35c6-944c-f5ccc89a1b54.json - it doesn't exist anymore?
[00:52:50] [Server thread/WARN]: Ignored advancement 'minecraft:recipes/decorations/cinnabar_brick_wall_from_cinnabar_stonecutting' in progress file ./world/players/advancements/71c86cdc-3126-35c6-944c-f5ccc89a1b54.json - it doesn't exist anymore?
[00:52:50] [Server thread/WARN]: Ignored advancement 'minecraft:recipes/building_blocks/cinnabar_stairs' in progress file ./world/players/advancements/71c86cdc-3126-35c6-944c-f5ccc89a1b54.json - it doesn't exist anymore?
[00:52:50] [Server thread/WARN]: Ignored advancement 'minecraft:recipes/building_blocks/cinnabar_slab_from_cinnabar_stonecutting' in progress file ./world/players/advancements/71c86cdc-3126-35c6-944c-f5ccc89a1b54.json - it doesn't exist anymore?
[00:52:50] [Server thread/WARN]: Ignored advancement 'minecraft:recipes/building_blocks/polished_cinnabar_slab_from_cinnabar_stonecutting' in progress file ./world/players/advancements/71c86cdc-3126-35c6-944c-f5ccc89a1b54.json - it doesn't exist anymore?
[00:52:50] [Server thread/WARN]: Ignored advancement 'minecraft:recipes/decorations/polished_cinnabar_wall_from_cinnabar_stonecutting' in progress file ./world/players/advancements/71c86cdc-3126-35c6-944c-f5ccc89a1b54.json - it doesn't exist anymore?
[00:52:50] [Server thread/WARN]: Ignored advancement 'minecraft:recipes/building_blocks/cinnabar_stairs_from_cinnabar_stonecutting' in progress file ./world/players/advancements/71c86cdc-3126-35c6-944c-f5ccc89a1b54.json - it doesn't exist anymore?
[00:52:50] [Server thread/WARN]: Ignored advancement 'minecraft:recipes/building_blocks/cinnabar_brick_slab_from_cinnabar_stonecutting' in progress file ./world/players/advancements/71c86cdc-3126-35c6-944c-f5ccc89a1b54.json - it doesn't exist anymore?
[00:52:50] [Server thread/WARN]: Ignored advancement 'immersive_armors:recipes/misc/wooden' in progress file ./world/players/advancements/71c86cdc-3126-35c6-944c-f5ccc89a1b54.json - it doesn't exist anymore?
[00:52:50] [Server thread/WARN]: Ignored advancement 'senti:register' in progress file ./world/players/advancements/71c86cdc-3126-35c6-944c-f5ccc89a1b54.json - it doesn't exist anymore?
[00:52:50] [Server thread/WARN]: Ignored advancement 'backpacks:tree/root' in progress file ./world/players/advancements/71c86cdc-3126-35c6-944c-f5ccc89a1b54.json - it doesn't exist anymore?
[00:52:50] [Server thread/WARN]: Ignored advancement 'immersive_armors:recipes/misc/robe' in progress file ./world/players/advancements/71c86cdc-3126-35c6-944c-f5ccc89a1b54.json - it doesn't exist anymore?
[00:52:50] [Server thread/WARN]: Ignored advancement 'senti:tick' in progress file ./world/players/advancements/71c86cdc-3126-35c6-944c-f5ccc89a1b54.json - it doesn't exist anymore?
[00:52:50] [Server thread/WARN]: Ignored advancement 'refurbished_furniture:recipes/misc/slicing/bread_slice_from_bread' in progress file ./world/players/advancements/71c86cdc-3126-35c6-944c-f5ccc89a1b54.json - it doesn't exist anymore?
[00:52:50] [Server thread/WARN]: Ignored advancement 'refurbished_furniture:recipes/misc/light_electricity_generator' in progress file ./world/players/advancements/71c86cdc-3126-35c6-944c-f5ccc89a1b54.json - it doesn't exist anymore?
[00:52:50] [Server thread/WARN]: Ignored advancement 'refurbished_furniture:recipes/misc/constructing/birch_basin' in progress file ./world/players/advancements/71c86cdc-3126-35c6-944c-f5ccc89a1b54.json - it doesn't exist anymore?
[00:52:50] [Server thread/WARN]: Ignored advancement 'refurbished_furniture:recipes/misc/constructing/acacia_toilet' in progress file ./world/players/advancements/71c86cdc-3126-35c6-944c-f5ccc89a1b54.json - it doesn't exist anymore?
[00:52:50] [Server thread/WARN]: Ignored advancement 'refurbished_furniture:recipes/misc/constructing/magenta_trampoline' in progress file ./world/players/advancements/71c86cdc-3126-35c6-944c-f5ccc89a1b54.json - it doesn't exist anymore?
[00:52:50] [Server thread/WARN]: Ignored advancement 'refurbished_furniture:recipes/misc/constructing/lime_grill' in progress file ./world/players/advancements/71c86cdc-3126-35c6-944c-f5ccc89a1b54.json - it doesn't exist anymore?
[00:52:50] [Server thread/WARN]: Ignored advancement 'refurbished_furniture:recipes/misc/constructing/oak_toilet' in progress file ./world/players/advancements/71c86cdc-3126-35c6-944c-f5ccc89a1b54.json - it doesn't exist anymore?
[00:52:50] [Server thread/WARN]: Ignored advancement 'refurbished_furniture:recipes/misc/constructing/gray_trampoline' in progress file ./world/players/advancements/71c86cdc-3126-35c6-944c-f5ccc89a1b54.json - it doesn't exist anymore?
[00:52:50] [Server thread/WARN]: Ignored advancement 'refurbished_furniture:recipes/misc/constructing/mangrove_bath' in progress file ./world/players/advancements/71c86cdc-3126-35c6-944c-f5ccc89a1b54.json - it doesn't exist anymore?
[00:52:50] [Server thread/WARN]: Ignored advancement 'refurbished_furniture:recipes/misc/constructing/light_fridge' in progress file ./world/players/advancements/71c86cdc-3126-35c6-944c-f5ccc89a1b54.json - it doesn't exist anymore?
[00:52:50] [Server thread/WARN]: Ignored advancement 'refurbished_furniture:recipes/misc/constructing/jungle_bath' in progress file ./world/players/advancements/71c86cdc-3126-35c6-944c-f5ccc89a1b54.json - it doesn't exist anymore?
[00:52:50] [Server thread/WARN]: Ignored advancement 'refurbished_furniture:recipes/misc/constructing/dark_oak_toilet' in progress file ./world/players/advancements/71c86cdc-3126-35c6-944c-f5ccc89a1b54.json - it doesn't exist anymore?
[00:52:50] [Server thread/WARN]: Ignored advancement 'refurbished_furniture:recipes/misc/constructing/cherry_bath' in progress file ./world/players/advancements/71c86cdc-3126-35c6-944c-f5ccc89a1b54.json - it doesn't exist anymore?
[00:52:50] [Server thread/WARN]: Ignored advancement 'refurbished_furniture:recipes/misc/spatula' in progress file ./world/players/advancements/71c86cdc-3126-35c6-944c-f5ccc89a1b54.json - it doesn't exist anymore?
[00:52:50] [Server thread/WARN]: Ignored advancement 'refurbished_furniture:recipes/misc/constructing/acacia_bath' in progress file ./world/players/advancements/71c86cdc-3126-35c6-944c-f5ccc89a1b54.json - it doesn't exist anymore?
[00:52:50] [Server thread/WARN]: Ignored advancement 'refurbished_furniture:recipes/misc/dark_electricity_generator' in progress file ./world/players/advancements/71c86cdc-3126-35c6-944c-f5ccc89a1b54.json - it doesn't exist anymore?
[00:52:50] [Server thread/WARN]: Ignored advancement 'refurbished_furniture:recipes/misc/constructing/crimson_storage_cabinet' in progress file ./world/players/advancements/71c86cdc-3126-35c6-944c-f5ccc89a1b54.json - it doesn't exist anymore?
[00:52:50] [Server thread/WARN]: Ignored advancement 'refurbished_furniture:recipes/misc/constructing/white_grill' in progress file ./world/players/advancements/71c86cdc-3126-35c6-944c-f5ccc89a1b54.json - it doesn't exist anymore?
[00:52:50] [Server thread/WARN]: Ignored advancement 'refurbished_furniture:recipes/misc/constructing/dark_oak_basin' in progress file ./world/players/advancements/71c86cdc-3126-35c6-944c-f5ccc89a1b54.json - it doesn't exist anymore?
[00:52:50] [Server thread/WARN]: Ignored advancement 'refurbished_furniture:recipes/misc/constructing/pink_grill' in progress file ./world/players/advancements/71c86cdc-3126-35c6-944c-f5ccc89a1b54.json - it doesn't exist anymore?
[00:52:50] [Server thread/WARN]: Ignored advancement 'refurbished_furniture:recipes/misc/constructing/crimson_toilet' in progress file ./world/players/advancements/71c86cdc-3126-35c6-944c-f5ccc89a1b54.json - it doesn't exist anymore?
[00:52:50] [Server thread/WARN]: Ignored advancement 'refurbished_furniture:recipes/misc/constructing/cherry_basin' in progress file ./world/players/advancements/71c86cdc-3126-35c6-944c-f5ccc89a1b54.json - it doesn't exist anymore?
[00:52:50] [Server thread/WARN]: Ignored advancement 'refurbished_furniture:recipes/misc/constructing/orange_trampoline' in progress file ./world/players/advancements/71c86cdc-3126-35c6-944c-f5ccc89a1b54.json - it doesn't exist anymore?
[00:52:50] [Server thread/WARN]: Ignored advancement 'refurbished_furniture:recipes/misc/constructing/computer' in progress file ./world/players/advancements/71c86cdc-3126-35c6-944c-f5ccc89a1b54.json - it doesn't exist anymore?
[00:52:50] [Server thread/WARN]: Ignored advancement 'refurbished_furniture:recipes/misc/constructing/light_toaster' in progress file ./world/players/advancements/71c86cdc-3126-35c6-944c-f5ccc89a1b54.json - it doesn't exist anymore?
[00:52:50] [Server thread/WARN]: Ignored advancement 'refurbished_furniture:recipes/misc/constructing/cyan_trampoline' in progress file ./world/players/advancements/71c86cdc-3126-35c6-944c-f5ccc89a1b54.json - it doesn't exist anymore?
[00:52:50] [Server thread/WARN]: Ignored advancement 'refurbished_furniture:recipes/misc/constructing/black_grill' in progress file ./world/players/advancements/71c86cdc-3126-35c6-944c-f5ccc89a1b54.json - it doesn't exist anymore?
[00:52:50] [Server thread/WARN]: Ignored advancement 'refurbished_furniture:recipes/misc/constructing/cherry_storage_cabinet' in progress file ./world/players/advancements/71c86cdc-3126-35c6-944c-f5ccc89a1b54.json - it doesn't exist anymore?
[00:52:50] [Server thread/WARN]: Ignored advancement 'refurbished_furniture:recipes/misc/constructing/dark_oak_storage_cabinet' in progress file ./world/players/advancements/71c86cdc-3126-35c6-944c-f5ccc89a1b54.json - it doesn't exist anymore?
[00:52:50] [Server thread/WARN]: Ignored advancement 'refurbished_furniture:recipes/misc/constructing/oak_bath' in progress file ./world/players/advancements/71c86cdc-3126-35c6-944c-f5ccc89a1b54.json - it doesn't exist anymore?
[00:52:50] [Server thread/WARN]: Ignored advancement 'refurbished_furniture:recipes/misc/constructing/red_grill' in progress file ./world/players/advancements/71c86cdc-3126-35c6-944c-f5ccc89a1b54.json - it doesn't exist anymore?
[00:52:50] [Server thread/WARN]: Ignored advancement 'refurbished_furniture:recipes/misc/slicing/orange_dye_from_glow_berries' in progress file ./world/players/advancements/71c86cdc-3126-35c6-944c-f5ccc89a1b54.json - it doesn't exist anymore?
[00:52:50] [Server thread/WARN]: Ignored advancement 'refurbished_furniture:recipes/misc/constructing/light_gray_trampoline' in progress file ./world/players/advancements/71c86cdc-3126-35c6-944c-f5ccc89a1b54.json - it doesn't exist anymore?
[00:52:50] [Server thread/WARN]: Ignored advancement 'refurbished_furniture:recipes/misc/constructing/mangrove_basin' in progress file ./world/players/advancements/71c86cdc-3126-35c6-944c-f5ccc89a1b54.json - it doesn't exist anymore?
[00:52:50] [Server thread/WARN]: Ignored advancement 'refurbished_furniture:recipes/misc/constructing/gray_grill' in progress file ./world/players/advancements/71c86cdc-3126-35c6-944c-f5ccc89a1b54.json - it doesn't exist anymore?
[00:52:50] [Server thread/WARN]: Ignored advancement 'refurbished_furniture:recipes/misc/constructing/birch_bath' in progress file ./world/players/advancements/71c86cdc-3126-35c6-944c-f5ccc89a1b54.json - it doesn't exist anymore?
[00:52:50] [Server thread/WARN]: Ignored advancement 'refurbished_furniture:recipes/misc/constructing/green_trampoline' in progress file ./world/players/advancements/71c86cdc-3126-35c6-944c-f5ccc89a1b54.json - it doesn't exist anymore?
[00:52:50] [Server thread/WARN]: Ignored advancement 'refurbished_furniture:recipes/misc/constructing/oak_light_ceiling_fan' in progress file ./world/players/advancements/71c86cdc-3126-35c6-944c-f5ccc89a1b54.json - it doesn't exist anymore?
[00:52:50] [Server thread/WARN]: Ignored advancement 'refurbished_furniture:recipes/misc/constructing/brown_trampoline' in progress file ./world/players/advancements/71c86cdc-3126-35c6-944c-f5ccc89a1b54.json - it doesn't exist anymore?
[00:52:50] [Server thread/WARN]: Ignored advancement 'refurbished_furniture:recipes/misc/constructing/spruce_bath' in progress file ./world/players/advancements/71c86cdc-3126-35c6-944c-f5ccc89a1b54.json - it doesn't exist anymore?
[00:52:50] [Server thread/WARN]: Ignored advancement 'refurbished_furniture:recipes/misc/constructing/crimson_light_ceiling_fan' in progress file ./world/players/advancements/71c86cdc-3126-35c6-944c-f5ccc89a1b54.json - it doesn't exist anymore?
[00:52:50] [Server thread/WARN]: Ignored advancement 'refurbished_furniture:recipes/misc/constructing/oak_basin' in progress file ./world/players/advancements/71c86cdc-3126-35c6-944c-f5ccc89a1b54.json - it doesn't exist anymore?
[00:52:50] [Server thread/WARN]: Ignored advancement 'refurbished_furniture:recipes/misc/constructing/lime_trampoline' in progress file ./world/players/advancements/71c86cdc-3126-35c6-944c-f5ccc89a1b54.json - it doesn't exist anymore?
[00:52:50] [Server thread/WARN]: Ignored advancement 'refurbished_furniture:recipes/misc/constructing/birch_storage_cabinet' in progress file ./world/players/advancements/71c86cdc-3126-35c6-944c-f5ccc89a1b54.json - it doesn't exist anymore?
[00:52:50] [Server thread/WARN]: Ignored advancement 'refurbished_furniture:recipes/misc/constructing/light_microwave' in progress file ./world/players/advancements/71c86cdc-3126-35c6-944c-f5ccc89a1b54.json - it doesn't exist anymore?
[00:52:50] [Server thread/WARN]: Ignored advancement 'refurbished_furniture:recipes/misc/constructing/cyan_grill' in progress file ./world/players/advancements/71c86cdc-3126-35c6-944c-f5ccc89a1b54.json - it doesn't exist anymore?
[00:52:50] [Server thread/WARN]: Ignored advancement 'refurbished_furniture:recipes/misc/constructing/dark_oak_bath' in progress file ./world/players/advancements/71c86cdc-3126-35c6-944c-f5ccc89a1b54.json - it doesn't exist anymore?
[00:52:50] [Server thread/WARN]: Ignored advancement 'refurbished_furniture:recipes/misc/constructing/birch_toilet' in progress file ./world/players/advancements/71c86cdc-3126-35c6-944c-f5ccc89a1b54.json - it doesn't exist anymore?
[00:52:50] [Server thread/WARN]: Ignored advancement 'refurbished_furniture:recipes/misc/constructing/acacia_light_ceiling_fan' in progress file ./world/players/advancements/71c86cdc-3126-35c6-944c-f5ccc89a1b54.json - it doesn't exist anymore?
[00:52:50] [Server thread/WARN]: Ignored advancement 'refurbished_furniture:recipes/misc/constructing/light_blue_trampoline' in progress file ./world/players/advancements/71c86cdc-3126-35c6-944c-f5ccc89a1b54.json - it doesn't exist anymore?
[00:52:50] [Server thread/WARN]: Ignored advancement 'refurbished_furniture:recipes/misc/constructing/crimson_basin' in progress file ./world/players/advancements/71c86cdc-3126-35c6-944c-f5ccc89a1b54.json - it doesn't exist anymore?
[00:52:50] [Server thread/WARN]: Ignored advancement 'refurbished_furniture:recipes/misc/constructing/crimson_bath' in progress file ./world/players/advancements/71c86cdc-3126-35c6-944c-f5ccc89a1b54.json - it doesn't exist anymore?
[00:52:50] [Server thread/WARN]: Ignored advancement 'refurbished_furniture:recipes/misc/constructing/black_trampoline' in progress file ./world/players/advancements/71c86cdc-3126-35c6-944c-f5ccc89a1b54.json - it doesn't exist anymore?
[00:52:50] [Server thread/WARN]: Ignored advancement 'refurbished_furniture:recipes/misc/constructing/light_stove' in progress file ./world/players/advancements/71c86cdc-3126-35c6-944c-f5ccc89a1b54.json - it doesn't exist anymore?
[00:52:50] [Server thread/WARN]: Ignored advancement 'refurbished_furniture:recipes/misc/knife' in progress file ./world/players/advancements/71c86cdc-3126-35c6-944c-f5ccc89a1b54.json - it doesn't exist anymore?
[00:52:50] [Server thread/WARN]: Ignored advancement 'refurbished_furniture:recipes/misc/workbench' in progress file ./world/players/advancements/71c86cdc-3126-35c6-944c-f5ccc89a1b54.json - it doesn't exist anymore?
[00:52:50] [Server thread/WARN]: Ignored advancement 'refurbished_furniture:recipes/misc/constructing/pale_oak_bath' in progress file ./world/players/advancements/71c86cdc-3126-35c6-944c-f5ccc89a1b54.json - it doesn't exist anymore?
[00:52:50] [Server thread/WARN]: Ignored advancement 'refurbished_furniture:recipes/misc/constructing/spruce_light_ceiling_fan' in progress file ./world/players/advancements/71c86cdc-3126-35c6-944c-f5ccc89a1b54.json - it doesn't exist anymore?
[00:52:50] [Server thread/WARN]: Ignored advancement 'refurbished_furniture:recipes/misc/constructing/pale_oak_toilet' in progress file ./world/players/advancements/71c86cdc-3126-35c6-944c-f5ccc89a1b54.json - it doesn't exist anymore?
[00:52:50] [Server thread/WARN]: Ignored advancement 'refurbished_furniture:recipes/misc/constructing/warped_basin' in progress file ./world/players/advancements/71c86cdc-3126-35c6-944c-f5ccc89a1b54.json - it doesn't exist anymore?
[00:52:50] [Server thread/WARN]: Ignored advancement 'refurbished_furniture:recipes/misc/constructing/doorbell' in progress file ./world/players/advancements/71c86cdc-3126-35c6-944c-f5ccc89a1b54.json - it doesn't exist anymore?
[00:52:50] [Server thread/WARN]: Ignored advancement 'refurbished_furniture:recipes/misc/constructing/light_lightswitch' in progress file ./world/players/advancements/71c86cdc-3126-35c6-944c-f5ccc89a1b54.json - it doesn't exist anymore?
[00:52:50] [Server thread/WARN]: Ignored advancement 'refurbished_furniture:recipes/misc/constructing/mangrove_toilet' in progress file ./world/players/advancements/71c86cdc-3126-35c6-944c-f5ccc89a1b54.json - it doesn't exist anymore?
[00:52:50] [Server thread/WARN]: Ignored advancement 'refurbished_furniture:recipes/misc/constructing/warped_storage_cabinet' in progress file ./world/players/advancements/71c86cdc-3126-35c6-944c-f5ccc89a1b54.json - it doesn't exist anymore?
[00:52:50] [Server thread/WARN]: Ignored advancement 'refurbished_furniture:recipes/misc/constructing/red_trampoline' in progress file ./world/players/advancements/71c86cdc-3126-35c6-944c-f5ccc89a1b54.json - it doesn't exist anymore?
[00:52:50] [Server thread/WARN]: Ignored advancement 'refurbished_furniture:recipes/misc/constructing/blue_trampoline' in progress file ./world/players/advancements/71c86cdc-3126-35c6-944c-f5ccc89a1b54.json - it doesn't exist anymore?
[00:52:50] [Server thread/WARN]: Ignored advancement 'refurbished_furniture:recipes/misc/constructing/warped_light_ceiling_fan' in progress file ./world/players/advancements/71c86cdc-3126-35c6-944c-f5ccc89a1b54.json - it doesn't exist anymore?
[00:52:50] [Server thread/WARN]: Ignored advancement 'refurbished_furniture:recipes/misc/constructing/spruce_toilet' in progress file ./world/players/advancements/71c86cdc-3126-35c6-944c-f5ccc89a1b54.json - it doesn't exist anymore?
[00:52:50] [Server thread/WARN]: Ignored advancement 'refurbished_furniture:recipes/misc/wrench' in progress file ./world/players/advancements/71c86cdc-3126-35c6-944c-f5ccc89a1b54.json - it doesn't exist anymore?
[00:52:50] [Server thread/WARN]: Ignored advancement 'refurbished_furniture:recipes/misc/constructing/warped_bath' in progress file ./world/players/advancements/71c86cdc-3126-35c6-944c-f5ccc89a1b54.json - it doesn't exist anymore?
[00:52:50] [Server thread/WARN]: Ignored advancement 'refurbished_furniture:recipes/misc/constructing/green_grill' in progress file ./world/players/advancements/71c86cdc-3126-35c6-944c-f5ccc89a1b54.json - it doesn't exist anymore?
[00:52:50] [Server thread/WARN]: Ignored advancement 'refurbished_furniture:recipes/misc/constructing/brown_grill' in progress file ./world/players/advancements/71c86cdc-3126-35c6-944c-f5ccc89a1b54.json - it doesn't exist anymore?
[00:52:50] [Server thread/WARN]: Ignored advancement 'refurbished_furniture:recipes/misc/constructing/acacia_basin' in progress file ./world/players/advancements/71c86cdc-3126-35c6-944c-f5ccc89a1b54.json - it doesn't exist anymore?
[00:52:50] [Server thread/WARN]: Ignored advancement 'refurbished_furniture:recipes/misc/constructing/purple_grill' in progress file ./world/players/advancements/71c86cdc-3126-35c6-944c-f5ccc89a1b54.json - it doesn't exist anymore?
[00:52:50] [Server thread/WARN]: Ignored advancement 'refurbished_furniture:recipes/misc/constructing/television' in progress file ./world/players/advancements/71c86cdc-3126-35c6-944c-f5ccc89a1b54.json - it doesn't exist anymore?
[00:52:50] [Server thread/WARN]: Ignored advancement 'refurbished_furniture:recipes/misc/constructing/acacia_storage_cabinet' in progress file ./world/players/advancements/71c86cdc-3126-35c6-944c-f5ccc89a1b54.json - it doesn't exist anymore?
[00:52:50] [Server thread/WARN]: Ignored advancement 'refurbished_furniture:recipes/misc/constructing/spruce_basin' in progress file ./world/players/advancements/71c86cdc-3126-35c6-944c-f5ccc89a1b54.json - it doesn't exist anymore?
[00:52:50] [Server thread/WARN]: Ignored advancement 'refurbished_furniture:recipes/misc/constructing/jungle_basin' in progress file ./world/players/advancements/71c86cdc-3126-35c6-944c-f5ccc89a1b54.json - it doesn't exist anymore?
[00:52:50] [Server thread/WARN]: Ignored advancement 'refurbished_furniture:recipes/misc/constructing/pink_trampoline' in progress file ./world/players/advancements/71c86cdc-3126-35c6-944c-f5ccc89a1b54.json - it doesn't exist anymore?
[00:52:50] [Server thread/WARN]: Ignored advancement 'refurbished_furniture:recipes/misc/constructing/frying_pan' in progress file ./world/players/advancements/71c86cdc-3126-35c6-944c-f5ccc89a1b54.json - it doesn't exist anymore?
[00:52:50] [Server thread/WARN]: Ignored advancement 'refurbished_furniture:recipes/misc/constructing/pale_oak_basin' in progress file ./world/players/advancements/71c86cdc-3126-35c6-944c-f5ccc89a1b54.json - it doesn't exist anymore?
[00:52:50] [Server thread/WARN]: Ignored advancement 'refurbished_furniture:recipes/misc/constructing/jungle_storage_cabinet' in progress file ./world/players/advancements/71c86cdc-3126-35c6-944c-f5ccc89a1b54.json - it doesn't exist anymore?
[00:52:50] [Server thread/WARN]: Ignored advancement 'refurbished_furniture:recipes/misc/constructing/pale_oak_storage_cabinet' in progress file ./world/players/advancements/71c86cdc-3126-35c6-944c-f5ccc89a1b54.json - it doesn't exist anymore?
[00:52:50] [Server thread/WARN]: Ignored advancement 'refurbished_furniture:recipes/misc/constructing/white_trampoline' in progress file ./world/players/advancements/71c86cdc-3126-35c6-944c-f5ccc89a1b54.json - it doesn't exist anymore?
[00:52:50] [Server thread/WARN]: Ignored advancement 'refurbished_furniture:recipes/misc/constructing/jungle_light_ceiling_fan' in progress file ./world/players/advancements/71c86cdc-3126-35c6-944c-f5ccc89a1b54.json - it doesn't exist anymore?
[00:52:50] [Server thread/WARN]: Ignored advancement 'refurbished_furniture:recipes/misc/constructing/pale_oak_light_ceiling_fan' in progress file ./world/players/advancements/71c86cdc-3126-35c6-944c-f5ccc89a1b54.json - it doesn't exist anymore?
[00:52:50] [Server thread/WARN]: Ignored advancement 'refurbished_furniture:recipes/misc/constructing/orange_grill' in progress file ./world/players/advancements/71c86cdc-3126-35c6-944c-f5ccc89a1b54.json - it doesn't exist anymore?
[00:52:50] [Server thread/WARN]: Ignored advancement 'refurbished_furniture:recipes/misc/constructing/blue_grill' in progress file ./world/players/advancements/71c86cdc-3126-35c6-944c-f5ccc89a1b54.json - it doesn't exist anymore?
[00:52:50] [Server thread/WARN]: Ignored advancement 'refurbished_furniture:recipes/misc/constructing/light_range_hood' in progress file ./world/players/advancements/71c86cdc-3126-35c6-944c-f5ccc89a1b54.json - it doesn't exist anymore?
[00:52:50] [Server thread/WARN]: Ignored advancement 'refurbished_furniture:recipes/misc/constructing/mangrove_light_ceiling_fan' in progress file ./world/players/advancements/71c86cdc-3126-35c6-944c-f5ccc89a1b54.json - it doesn't exist anymore?
[00:52:50] [Server thread/WARN]: Ignored advancement 'refurbished_furniture:recipes/misc/constructing/post_box' in progress file ./world/players/advancements/71c86cdc-3126-35c6-944c-f5ccc89a1b54.json - it doesn't exist anymore?
[00:52:50] [Server thread/WARN]: Ignored advancement 'refurbished_furniture:recipes/misc/constructing/oak_storage_cabinet' in progress file ./world/players/advancements/71c86cdc-3126-35c6-944c-f5ccc89a1b54.json - it doesn't exist anymore?
[00:52:50] [Server thread/WARN]: Ignored advancement 'refurbished_furniture:recipes/misc/constructing/spruce_storage_cabinet' in progress file ./world/players/advancements/71c86cdc-3126-35c6-944c-f5ccc89a1b54.json - it doesn't exist anymore?
[00:52:50] [Server thread/WARN]: Ignored advancement 'refurbished_furniture:recipes/misc/constructing/cherry_toilet' in progress file ./world/players/advancements/71c86cdc-3126-35c6-944c-f5ccc89a1b54.json - it doesn't exist anymore?
[00:52:50] [Server thread/WARN]: Ignored advancement 'refurbished_furniture:recipes/misc/constructing/light_gray_grill' in progress file ./world/players/advancements/71c86cdc-3126-35c6-944c-f5ccc89a1b54.json - it doesn't exist anymore?
[00:52:50] [Server thread/WARN]: Ignored advancement 'refurbished_furniture:recipes/misc/constructing/yellow_grill' in progress file ./world/players/advancements/71c86cdc-3126-35c6-944c-f5ccc89a1b54.json - it doesn't exist anymore?
[00:52:50] [Server thread/WARN]: Ignored advancement 'refurbished_furniture:recipes/misc/constructing/jungle_toilet' in progress file ./world/players/advancements/71c86cdc-3126-35c6-944c-f5ccc89a1b54.json - it doesn't exist anymore?
[00:52:50] [Server thread/WARN]: Ignored advancement 'refurbished_furniture:recipes/misc/constructing/light_blue_grill' in progress file ./world/players/advancements/71c86cdc-3126-35c6-944c-f5ccc89a1b54.json - it doesn't exist anymore?
[00:52:50] [Server thread/WARN]: Ignored advancement 'refurbished_furniture:recipes/misc/constructing/dark_oak_light_ceiling_fan' in progress file ./world/players/advancements/71c86cdc-3126-35c6-944c-f5ccc89a1b54.json - it doesn't exist anymore?
[00:52:50] [Server thread/WARN]: Ignored advancement 'refurbished_furniture:recipes/misc/constructing/cherry_light_ceiling_fan' in progress file ./world/players/advancements/71c86cdc-3126-35c6-944c-f5ccc89a1b54.json - it doesn't exist anymore?
[00:52:50] [Server thread/WARN]: Ignored advancement 'refurbished_furniture:recipes/misc/constructing/birch_light_ceiling_fan' in progress file ./world/players/advancements/71c86cdc-3126-35c6-944c-f5ccc89a1b54.json - it doesn't exist anymore?
[00:52:50] [Server thread/WARN]: Ignored advancement 'refurbished_furniture:recipes/misc/constructing/yellow_trampoline' in progress file ./world/players/advancements/71c86cdc-3126-35c6-944c-f5ccc89a1b54.json - it doesn't exist anymore?
[00:52:50] [Server thread/WARN]: Ignored advancement 'refurbished_furniture:recipes/misc/constructing/purple_trampoline' in progress file ./world/players/advancements/71c86cdc-3126-35c6-944c-f5ccc89a1b54.json - it doesn't exist anymore?
[00:52:50] [Server thread/WARN]: Ignored advancement 'refurbished_furniture:recipes/misc/constructing/recycle_bin' in progress file ./world/players/advancements/71c86cdc-3126-35c6-944c-f5ccc89a1b54.json - it doesn't exist anymore?
[00:52:50] [Server thread/WARN]: Ignored advancement 'refurbished_furniture:recipes/misc/constructing/magenta_grill' in progress file ./world/players/advancements/71c86cdc-3126-35c6-944c-f5ccc89a1b54.json - it doesn't exist anymore?
[00:52:50] [Server thread/WARN]: Ignored advancement 'refurbished_furniture:recipes/misc/constructing/mangrove_storage_cabinet' in progress file ./world/players/advancements/71c86cdc-3126-35c6-944c-f5ccc89a1b54.json - it doesn't exist anymore?
[00:52:50] [Server thread/WARN]: Ignored advancement 'refurbished_furniture:recipes/misc/constructing/light_ceiling_light' in progress file ./world/players/advancements/71c86cdc-3126-35c6-944c-f5ccc89a1b54.json - it doesn't exist anymore?
[00:52:50] [Server thread/WARN]: Ignored advancement 'refurbished_furniture:recipes/misc/constructing/warped_toilet' in progress file ./world/players/advancements/71c86cdc-3126-35c6-944c-f5ccc89a1b54.json - it doesn't exist anymore?
[00:52:50] [Server thread/WARN]: Ignored advancement 'refurbished_furniture:recipes/food/dough' in progress file ./world/players/advancements/71c86cdc-3126-35c6-944c-f5ccc89a1b54.json - it doesn't exist anymore?
[00:52:50] [Server thread/WARN]: Ignored advancement 'refurbished_furniture:recipes/food/cheese' in progress file ./world/players/advancements/71c86cdc-3126-35c6-944c-f5ccc89a1b54.json - it doesn't exist anymore?
[00:52:50] [Server thread/WARN]: Ignored advancement 'refurbished_furniture:recipes/misc/constructing/stone_stepping_stones' in progress file ./world/players/advancements/71c86cdc-3126-35c6-944c-f5ccc89a1b54.json - it doesn't exist anymore?
[00:52:50] [Server thread/WARN]: Ignored advancement 'refurbished_furniture:recipes/misc/constructing/yellow_lamp' in progress file ./world/players/advancements/71c86cdc-3126-35c6-944c-f5ccc89a1b54.json - it doesn't exist anymore?
[00:52:50] [Server thread/WARN]: Ignored advancement 'refurbished_furniture:recipes/misc/constructing/lime_lamp' in progress file ./world/players/advancements/71c86cdc-3126-35c6-944c-f5ccc89a1b54.json - it doesn't exist anymore?
[00:52:50] [Server thread/WARN]: Ignored advancement 'refurbished_furniture:recipes/misc/constructing/red_lamp' in progress file ./world/players/advancements/71c86cdc-3126-35c6-944c-f5ccc89a1b54.json - it doesn't exist anymore?
[00:52:50] [Server thread/WARN]: Ignored advancement 'refurbished_furniture:recipes/misc/constructing/orange_lamp' in progress file ./world/players/advancements/71c86cdc-3126-35c6-944c-f5ccc89a1b54.json - it doesn't exist anymore?
[00:52:50] [Server thread/WARN]: Ignored advancement 'refurbished_furniture:recipes/misc/television_remote' in progress file ./world/players/advancements/71c86cdc-3126-35c6-944c-f5ccc89a1b54.json - it doesn't exist anymore?
[00:52:50] [Server thread/WARN]: Ignored advancement 'refurbished_furniture:recipes/misc/constructing/white_lamp' in progress file ./world/players/advancements/71c86cdc-3126-35c6-944c-f5ccc89a1b54.json - it doesn't exist anymore?
[00:52:50] [Server thread/WARN]: Ignored advancement 'refurbished_furniture:recipes/misc/constructing/brown_lamp' in progress file ./world/players/advancements/71c86cdc-3126-35c6-944c-f5ccc89a1b54.json - it doesn't exist anymore?
[00:52:50] [Server thread/WARN]: Ignored advancement 'refurbished_furniture:recipes/misc/constructing/light_blue_lamp' in progress file ./world/players/advancements/71c86cdc-3126-35c6-944c-f5ccc89a1b54.json - it doesn't exist anymore?
[00:52:50] [Server thread/WARN]: Ignored advancement 'refurbished_furniture:recipes/misc/constructing/blue_lamp' in progress file ./world/players/advancements/71c86cdc-3126-35c6-944c-f5ccc89a1b54.json - it doesn't exist anymore?
[00:52:50] [Server thread/WARN]: Ignored advancement 'refurbished_furniture:recipes/misc/constructing/magenta_lamp' in progress file ./world/players/advancements/71c86cdc-3126-35c6-944c-f5ccc89a1b54.json - it doesn't exist anymore?
[00:52:50] [Server thread/WARN]: Ignored advancement 'refurbished_furniture:recipes/misc/constructing/gray_lamp' in progress file ./world/players/advancements/71c86cdc-3126-35c6-944c-f5ccc89a1b54.json - it doesn't exist anymore?
[00:52:50] [Server thread/WARN]: Ignored advancement 'refurbished_furniture:recipes/misc/constructing/black_lamp' in progress file ./world/players/advancements/71c86cdc-3126-35c6-944c-f5ccc89a1b54.json - it doesn't exist anymore?
[00:52:50] [Server thread/WARN]: Ignored advancement 'refurbished_furniture:recipes/misc/constructing/pink_lamp' in progress file ./world/players/advancements/71c86cdc-3126-35c6-944c-f5ccc89a1b54.json - it doesn't exist anymore?
[00:52:50] [Server thread/WARN]: Ignored advancement 'refurbished_furniture:recipes/misc/constructing/green_lamp' in progress file ./world/players/advancements/71c86cdc-3126-35c6-944c-f5ccc89a1b54.json - it doesn't exist anymore?
[00:52:50] [Server thread/WARN]: Ignored advancement 'refurbished_furniture:recipes/misc/constructing/cyan_lamp' in progress file ./world/players/advancements/71c86cdc-3126-35c6-944c-f5ccc89a1b54.json - it doesn't exist anymore?
[00:52:50] [Server thread/WARN]: Ignored advancement 'refurbished_furniture:recipes/misc/constructing/light_gray_lamp' in progress file ./world/players/advancements/71c86cdc-3126-35c6-944c-f5ccc89a1b54.json - it doesn't exist anymore?
[00:52:50] [Server thread/WARN]: Ignored advancement 'refurbished_furniture:recipes/misc/constructing/purple_lamp' in progress file ./world/players/advancements/71c86cdc-3126-35c6-944c-f5ccc89a1b54.json - it doesn't exist anymore?
[00:52:50] [Server thread/WARN]: Ignored advancement 'immersive_armors:recipes/misc/warrior' in progress file ./world/players/advancements/71c86cdc-3126-35c6-944c-f5ccc89a1b54.json - it doesn't exist anymore?
[00:52:50] [Server thread/WARN]: Ignored advancement 'refurbished_furniture:recipes/misc/constructing/pale_oak_kitchen_storage_cabinet' in progress file ./world/players/advancements/71c86cdc-3126-35c6-944c-f5ccc89a1b54.json - it doesn't exist anymore?
[00:52:50] [Server thread/WARN]: Ignored advancement 'refurbished_furniture:recipes/misc/constructing/crimson_kitchen_drawer' in progress file ./world/players/advancements/71c86cdc-3126-35c6-944c-f5ccc89a1b54.json - it doesn't exist anymore?
[00:52:50] [Server thread/WARN]: Ignored advancement 'refurbished_furniture:recipes/misc/constructing/oak_kitchen_sink' in progress file ./world/players/advancements/71c86cdc-3126-35c6-944c-f5ccc89a1b54.json - it doesn't exist anymore?
[00:52:50] [Server thread/WARN]: Ignored advancement 'refurbished_furniture:recipes/misc/constructing/oak_kitchen_drawer' in progress file ./world/players/advancements/71c86cdc-3126-35c6-944c-f5ccc89a1b54.json - it doesn't exist anymore?
[00:52:50] [Server thread/WARN]: Ignored advancement 'refurbished_furniture:recipes/misc/constructing/spruce_kitchen_cabinetry' in progress file ./world/players/advancements/71c86cdc-3126-35c6-944c-f5ccc89a1b54.json - it doesn't exist anymore?
[00:52:50] [Server thread/WARN]: Ignored advancement 'refurbished_furniture:recipes/misc/constructing/white_toilet' in progress file ./world/players/advancements/71c86cdc-3126-35c6-944c-f5ccc89a1b54.json - it doesn't exist anymore?
[00:52:50] [Server thread/WARN]: Ignored advancement 'refurbished_furniture:recipes/misc/constructing/spruce_kitchen_sink' in progress file ./world/players/advancements/71c86cdc-3126-35c6-944c-f5ccc89a1b54.json - it doesn't exist anymore?
[00:52:50] [Server thread/WARN]: Ignored advancement 'refurbished_furniture:recipes/misc/constructing/black_cooler' in progress file ./world/players/advancements/71c86cdc-3126-35c6-944c-f5ccc89a1b54.json - it doesn't exist anymore?
[00:52:50] [Server thread/WARN]: Ignored advancement 'refurbished_furniture:recipes/misc/constructing/warped_kitchen_sink' in progress file ./world/players/advancements/71c86cdc-3126-35c6-944c-f5ccc89a1b54.json - it doesn't exist anymore?
[00:52:50] [Server thread/WARN]: Ignored advancement 'refurbished_furniture:recipes/misc/constructing/mangrove_kitchen_cabinetry' in progress file ./world/players/advancements/71c86cdc-3126-35c6-944c-f5ccc89a1b54.json - it doesn't exist anymore?
[00:52:50] [Server thread/WARN]: Ignored advancement 'refurbished_furniture:recipes/misc/constructing/white_kitchen_drawer' in progress file ./world/players/advancements/71c86cdc-3126-35c6-944c-f5ccc89a1b54.json - it doesn't exist anymore?
[00:52:50] [Server thread/WARN]: Ignored advancement 'refurbished_furniture:recipes/misc/constructing/birch_kitchen_sink' in progress file ./world/players/advancements/71c86cdc-3126-35c6-944c-f5ccc89a1b54.json - it doesn't exist anymore?
[00:52:50] [Server thread/WARN]: Ignored advancement 'refurbished_furniture:recipes/misc/constructing/dark_oak_kitchen_cabinetry' in progress file ./world/players/advancements/71c86cdc-3126-35c6-944c-f5ccc89a1b54.json - it doesn't exist anymore?
[00:52:50] [Server thread/WARN]: Ignored advancement 'refurbished_furniture:recipes/misc/constructing/magenta_cooler' in progress file ./world/players/advancements/71c86cdc-3126-35c6-944c-f5ccc89a1b54.json - it doesn't exist anymore?
[00:52:50] [Server thread/WARN]: Ignored advancement 'refurbished_furniture:recipes/misc/constructing/white_kitchen_storage_cabinet' in progress file ./world/players/advancements/71c86cdc-3126-35c6-944c-f5ccc89a1b54.json - it doesn't exist anymore?
[00:52:50] [Server thread/WARN]: Ignored advancement 'refurbished_furniture:recipes/misc/constructing/light_blue_cooler' in progress file ./world/players/advancements/71c86cdc-3126-35c6-944c-f5ccc89a1b54.json - it doesn't exist anymore?
[00:52:50] [Server thread/WARN]: Ignored advancement 'refurbished_furniture:recipes/misc/constructing/spruce_kitchen_drawer' in progress file ./world/players/advancements/71c86cdc-3126-35c6-944c-f5ccc89a1b54.json - it doesn't exist anymore?
[00:52:50] [Server thread/WARN]: Ignored advancement 'refurbished_furniture:recipes/misc/constructing/white_kitchen_sink' in progress file ./world/players/advancements/71c86cdc-3126-35c6-944c-f5ccc89a1b54.json - it doesn't exist anymore?
[00:52:50] [Server thread/WARN]: Ignored advancement 'refurbished_furniture:recipes/misc/constructing/spruce_kitchen_storage_cabinet' in progress file ./world/players/advancements/71c86cdc-3126-35c6-944c-f5ccc89a1b54.json - it doesn't exist anymore?
[00:52:50] [Server thread/WARN]: Ignored advancement 'refurbished_furniture:recipes/misc/constructing/birch_kitchen_drawer' in progress file ./world/players/advancements/71c86cdc-3126-35c6-944c-f5ccc89a1b54.json - it doesn't exist anymore?
[00:52:50] [Server thread/WARN]: Ignored advancement 'refurbished_furniture:recipes/misc/constructing/red_cooler' in progress file ./world/players/advancements/71c86cdc-3126-35c6-944c-f5ccc89a1b54.json - it doesn't exist anymore?
[00:52:50] [Server thread/WARN]: Ignored advancement 'refurbished_furniture:recipes/misc/constructing/dark_oak_kitchen_sink' in progress file ./world/players/advancements/71c86cdc-3126-35c6-944c-f5ccc89a1b54.json - it doesn't exist anymore?
[00:52:50] [Server thread/WARN]: Ignored advancement 'refurbished_furniture:recipes/decorations/white_kitchen_cabinetry_from_dyeing' in progress file ./world/players/advancements/71c86cdc-3126-35c6-944c-f5ccc89a1b54.json - it doesn't exist anymore?
[00:52:50] [Server thread/WARN]: Ignored advancement 'refurbished_furniture:recipes/misc/constructing/crimson_kitchen_cabinetry' in progress file ./world/players/advancements/71c86cdc-3126-35c6-944c-f5ccc89a1b54.json - it doesn't exist anymore?
[00:52:50] [Server thread/WARN]: Ignored advancement 'refurbished_furniture:recipes/misc/constructing/mangrove_kitchen_sink' in progress file ./world/players/advancements/71c86cdc-3126-35c6-944c-f5ccc89a1b54.json - it doesn't exist anymore?
[00:52:50] [Server thread/WARN]: Ignored advancement 'refurbished_furniture:recipes/misc/constructing/green_cooler' in progress file ./world/players/advancements/71c86cdc-3126-35c6-944c-f5ccc89a1b54.json - it doesn't exist anymore?
[00:52:50] [Server thread/WARN]: Ignored advancement 'refurbished_furniture:recipes/misc/constructing/dark_oak_kitchen_drawer' in progress file ./world/players/advancements/71c86cdc-3126-35c6-944c-f5ccc89a1b54.json - it doesn't exist anymore?
[00:52:50] [Server thread/WARN]: Ignored advancement 'refurbished_furniture:recipes/misc/constructing/brown_cooler' in progress file ./world/players/advancements/71c86cdc-3126-35c6-944c-f5ccc89a1b54.json - it doesn't exist anymore?
[00:52:50] [Server thread/WARN]: Ignored advancement 'refurbished_furniture:recipes/misc/constructing/dark_oak_kitchen_storage_cabinet' in progress file ./world/players/advancements/71c86cdc-3126-35c6-944c-f5ccc89a1b54.json - it doesn't exist anymore?
[00:52:50] [Server thread/WARN]: Ignored advancement 'refurbished_furniture:recipes/misc/constructing/purple_cooler' in progress file ./world/players/advancements/71c86cdc-3126-35c6-944c-f5ccc89a1b54.json - it doesn't exist anymore?
[00:52:50] [Server thread/WARN]: Ignored advancement 'refurbished_furniture:recipes/misc/constructing/cyan_cooler' in progress file ./world/players/advancements/71c86cdc-3126-35c6-944c-f5ccc89a1b54.json - it doesn't exist anymore?
[00:52:50] [Server thread/WARN]: Ignored advancement 'refurbished_furniture:recipes/misc/constructing/jungle_kitchen_drawer' in progress file ./world/players/advancements/71c86cdc-3126-35c6-944c-f5ccc89a1b54.json - it doesn't exist anymore?
[00:52:50] [Server thread/WARN]: Ignored advancement 'refurbished_furniture:recipes/misc/constructing/light_gray_cooler' in progress file ./world/players/advancements/71c86cdc-3126-35c6-944c-f5ccc89a1b54.json - it doesn't exist anymore?
[00:52:50] [Server thread/WARN]: Ignored advancement 'refurbished_furniture:recipes/misc/constructing/white_cooler' in progress file ./world/players/advancements/71c86cdc-3126-35c6-944c-f5ccc89a1b54.json - it doesn't exist anymore?
[00:52:50] [Server thread/WARN]: Ignored advancement 'refurbished_furniture:recipes/misc/constructing/jungle_kitchen_cabinetry' in progress file ./world/players/advancements/71c86cdc-3126-35c6-944c-f5ccc89a1b54.json - it doesn't exist anymore?
[00:52:50] [Server thread/WARN]: Ignored advancement 'refurbished_furniture:recipes/misc/constructing/mangrove_kitchen_storage_cabinet' in progress file ./world/players/advancements/71c86cdc-3126-35c6-944c-f5ccc89a1b54.json - it doesn't exist anymore?
[00:52:50] [Server thread/WARN]: Ignored advancement 'refurbished_furniture:recipes/misc/constructing/crimson_kitchen_sink' in progress file ./world/players/advancements/71c86cdc-3126-35c6-944c-f5ccc89a1b54.json - it doesn't exist anymore?
[00:52:50] [Server thread/WARN]: Ignored advancement 'refurbished_furniture:recipes/misc/constructing/cherry_kitchen_cabinetry' in progress file ./world/players/advancements/71c86cdc-3126-35c6-944c-f5ccc89a1b54.json - it doesn't exist anymore?
[00:52:50] [Server thread/WARN]: Ignored advancement 'refurbished_furniture:recipes/decorations/white_cooler_from_dyeing' in progress file ./world/players/advancements/71c86cdc-3126-35c6-944c-f5ccc89a1b54.json - it doesn't exist anymore?
[00:52:50] [Server thread/WARN]: Ignored advancement 'refurbished_furniture:recipes/misc/constructing/white_basin' in progress file ./world/players/advancements/71c86cdc-3126-35c6-944c-f5ccc89a1b54.json - it doesn't exist anymore?
[00:52:50] [Server thread/WARN]: Ignored advancement 'refurbished_furniture:recipes/decorations/white_stool_from_dyeing' in progress file ./world/players/advancements/71c86cdc-3126-35c6-944c-f5ccc89a1b54.json - it doesn't exist anymore?
[00:52:50] [Server thread/WARN]: Ignored advancement 'refurbished_furniture:recipes/misc/constructing/mangrove_kitchen_drawer' in progress file ./world/players/advancements/71c86cdc-3126-35c6-944c-f5ccc89a1b54.json - it doesn't exist anymore?
[00:52:50] [Server thread/WARN]: Ignored advancement 'refurbished_furniture:recipes/misc/constructing/acacia_kitchen_cabinetry' in progress file ./world/players/advancements/71c86cdc-3126-35c6-944c-f5ccc89a1b54.json - it doesn't exist anymore?
[00:52:50] [Server thread/WARN]: Ignored advancement 'refurbished_furniture:recipes/misc/constructing/pale_oak_kitchen_sink' in progress file ./world/players/advancements/71c86cdc-3126-35c6-944c-f5ccc89a1b54.json - it doesn't exist anymore?
[00:52:50] [Server thread/WARN]: Ignored advancement 'refurbished_furniture:recipes/misc/constructing/gray_cooler' in progress file ./world/players/advancements/71c86cdc-3126-35c6-944c-f5ccc89a1b54.json - it doesn't exist anymore?
[00:52:50] [Server thread/WARN]: Ignored advancement 'refurbished_furniture:recipes/decorations/white_lamp_from_dyeing' in progress file ./world/players/advancements/71c86cdc-3126-35c6-944c-f5ccc89a1b54.json - it doesn't exist anymore?
[00:52:50] [Server thread/WARN]: Ignored advancement 'refurbished_furniture:recipes/misc/constructing/birch_kitchen_storage_cabinet' in progress file ./world/players/advancements/71c86cdc-3126-35c6-944c-f5ccc89a1b54.json - it doesn't exist anymore?
[00:52:50] [Server thread/WARN]: Ignored advancement 'refurbished_furniture:recipes/misc/constructing/oak_kitchen_storage_cabinet' in progress file ./world/players/advancements/71c86cdc-3126-35c6-944c-f5ccc89a1b54.json - it doesn't exist anymore?
[00:52:50] [Server thread/WARN]: Ignored advancement 'refurbished_furniture:recipes/misc/constructing/white_stool' in progress file ./world/players/advancements/71c86cdc-3126-35c6-944c-f5ccc89a1b54.json - it doesn't exist anymore?
[00:52:50] [Server thread/WARN]: Ignored advancement 'refurbished_furniture:recipes/decorations/white_grill_from_dyeing' in progress file ./world/players/advancements/71c86cdc-3126-35c6-944c-f5ccc89a1b54.json - it doesn't exist anymore?
[00:52:50] [Server thread/WARN]: Ignored advancement 'refurbished_furniture:recipes/misc/constructing/birch_kitchen_cabinetry' in progress file ./world/players/advancements/71c86cdc-3126-35c6-944c-f5ccc89a1b54.json - it doesn't exist anymore?
[00:52:50] [Server thread/WARN]: Ignored advancement 'refurbished_furniture:recipes/misc/constructing/oak_kitchen_cabinetry' in progress file ./world/players/advancements/71c86cdc-3126-35c6-944c-f5ccc89a1b54.json - it doesn't exist anymore?
[00:52:50] [Server thread/WARN]: Ignored advancement 'refurbished_furniture:recipes/misc/constructing/acacia_kitchen_drawer' in progress file ./world/players/advancements/71c86cdc-3126-35c6-944c-f5ccc89a1b54.json - it doesn't exist anymore?
[00:52:50] [Server thread/WARN]: Ignored advancement 'refurbished_furniture:recipes/misc/constructing/acacia_kitchen_sink' in progress file ./world/players/advancements/71c86cdc-3126-35c6-944c-f5ccc89a1b54.json - it doesn't exist anymore?
[00:52:50] [Server thread/WARN]: Ignored advancement 'refurbished_furniture:recipes/decorations/white_kitchen_storage_cabinet_from_dyeing' in progress file ./world/players/advancements/71c86cdc-3126-35c6-944c-f5ccc89a1b54.json - it doesn't exist anymore?
[00:52:50] [Server thread/WARN]: Ignored advancement 'refurbished_furniture:recipes/decorations/white_sofa_from_dyeing' in progress file ./world/players/advancements/71c86cdc-3126-35c6-944c-f5ccc89a1b54.json - it doesn't exist anymore?
[00:52:50] [Server thread/WARN]: Ignored advancement 'refurbished_furniture:recipes/misc/constructing/acacia_kitchen_storage_cabinet' in progress file ./world/players/advancements/71c86cdc-3126-35c6-944c-f5ccc89a1b54.json - it doesn't exist anymore?
[00:52:50] [Server thread/WARN]: Ignored advancement 'refurbished_furniture:recipes/decorations/white_kitchen_drawer_from_dyeing' in progress file ./world/players/advancements/71c86cdc-3126-35c6-944c-f5ccc89a1b54.json - it doesn't exist anymore?
[00:52:50] [Server thread/WARN]: Ignored advancement 'refurbished_furniture:recipes/misc/constructing/lime_cooler' in progress file ./world/players/advancements/71c86cdc-3126-35c6-944c-f5ccc89a1b54.json - it doesn't exist anymore?
[00:52:50] [Server thread/WARN]: Ignored advancement 'refurbished_furniture:recipes/misc/constructing/warped_kitchen_storage_cabinet' in progress file ./world/players/advancements/71c86cdc-3126-35c6-944c-f5ccc89a1b54.json - it doesn't exist anymore?
[00:52:50] [Server thread/WARN]: Ignored advancement 'refurbished_furniture:recipes/decorations/white_toilet' in progress file ./world/players/advancements/71c86cdc-3126-35c6-944c-f5ccc89a1b54.json - it doesn't exist anymore?
[00:52:50] [Server thread/WARN]: Ignored advancement 'refurbished_furniture:recipes/misc/constructing/cherry_kitchen_drawer' in progress file ./world/players/advancements/71c86cdc-3126-35c6-944c-f5ccc89a1b54.json - it doesn't exist anymore?
[00:52:50] [Server thread/WARN]: Ignored advancement 'refurbished_furniture:recipes/decorations/white_kitchen_sink_from_dyeing' in progress file ./world/players/advancements/71c86cdc-3126-35c6-944c-f5ccc89a1b54.json - it doesn't exist anymore?
[00:52:50] [Server thread/WARN]: Ignored advancement 'refurbished_furniture:recipes/misc/constructing/pink_cooler' in progress file ./world/players/advancements/71c86cdc-3126-35c6-944c-f5ccc89a1b54.json - it doesn't exist anymore?
[00:52:50] [Server thread/WARN]: Ignored advancement 'refurbished_furniture:recipes/misc/constructing/white_sofa' in progress file ./world/players/advancements/71c86cdc-3126-35c6-944c-f5ccc89a1b54.json - it doesn't exist anymore?
[00:52:50] [Server thread/WARN]: Ignored advancement 'refurbished_furniture:recipes/misc/constructing/yellow_cooler' in progress file ./world/players/advancements/71c86cdc-3126-35c6-944c-f5ccc89a1b54.json - it doesn't exist anymore?
[00:52:50] [Server thread/WARN]: Ignored advancement 'refurbished_furniture:recipes/misc/constructing/cherry_kitchen_sink' in progress file ./world/players/advancements/71c86cdc-3126-35c6-944c-f5ccc89a1b54.json - it doesn't exist anymore?
[00:52:50] [Server thread/WARN]: Ignored advancement 'refurbished_furniture:recipes/misc/constructing/jungle_kitchen_storage_cabinet' in progress file ./world/players/advancements/71c86cdc-3126-35c6-944c-f5ccc89a1b54.json - it doesn't exist anymore?
[00:52:50] [Server thread/WARN]: Ignored advancement 'refurbished_furniture:recipes/misc/constructing/jungle_kitchen_sink' in progress file ./world/players/advancements/71c86cdc-3126-35c6-944c-f5ccc89a1b54.json - it doesn't exist anymore?
[00:52:50] [Server thread/WARN]: Ignored advancement 'refurbished_furniture:recipes/misc/constructing/warped_kitchen_drawer' in progress file ./world/players/advancements/71c86cdc-3126-35c6-944c-f5ccc89a1b54.json - it doesn't exist anymore?
[00:52:50] [Server thread/WARN]: Ignored advancement 'refurbished_furniture:recipes/misc/constructing/crimson_kitchen_storage_cabinet' in progress file ./world/players/advancements/71c86cdc-3126-35c6-944c-f5ccc89a1b54.json - it doesn't exist anymore?
[00:52:50] [Server thread/WARN]: Ignored advancement 'refurbished_furniture:recipes/decorations/white_trampoline_from_dyeing' in progress file ./world/players/advancements/71c86cdc-3126-35c6-944c-f5ccc89a1b54.json - it doesn't exist anymore?
[00:52:50] [Server thread/WARN]: Ignored advancement 'refurbished_furniture:recipes/misc/constructing/cherry_kitchen_storage_cabinet' in progress file ./world/players/advancements/71c86cdc-3126-35c6-944c-f5ccc89a1b54.json - it doesn't exist anymore?
[00:52:50] [Server thread/WARN]: Ignored advancement 'refurbished_furniture:recipes/misc/constructing/blue_cooler' in progress file ./world/players/advancements/71c86cdc-3126-35c6-944c-f5ccc89a1b54.json - it doesn't exist anymore?
[00:52:50] [Server thread/WARN]: Ignored advancement 'refurbished_furniture:recipes/misc/constructing/orange_cooler' in progress file ./world/players/advancements/71c86cdc-3126-35c6-944c-f5ccc89a1b54.json - it doesn't exist anymore?
[00:52:50] [Server thread/WARN]: Ignored advancement 'refurbished_furniture:recipes/misc/constructing/pale_oak_kitchen_cabinetry' in progress file ./world/players/advancements/71c86cdc-3126-35c6-944c-f5ccc89a1b54.json - it doesn't exist anymore?
[00:52:50] [Server thread/WARN]: Ignored advancement 'refurbished_furniture:recipes/misc/constructing/white_kitchen_cabinetry' in progress file ./world/players/advancements/71c86cdc-3126-35c6-944c-f5ccc89a1b54.json - it doesn't exist anymore?
[00:52:50] [Server thread/WARN]: Ignored advancement 'refurbished_furniture:recipes/misc/constructing/warped_kitchen_cabinetry' in progress file ./world/players/advancements/71c86cdc-3126-35c6-944c-f5ccc89a1b54.json - it doesn't exist anymore?
[00:52:50] [Server thread/WARN]: Ignored advancement 'refurbished_furniture:recipes/misc/constructing/pale_oak_kitchen_drawer' in progress file ./world/players/advancements/71c86cdc-3126-35c6-944c-f5ccc89a1b54.json - it doesn't exist anymore?
[00:52:50] [Server thread/WARN]: Ignored advancement 'refurbished_furniture:recipes/misc/constructing/white_bath' in progress file ./world/players/advancements/71c86cdc-3126-35c6-944c-f5ccc89a1b54.json - it doesn't exist anymore?
[00:52:50] [Server thread/WARN]: Ignored advancement 'refurbished_furniture:recipes/misc/constructing/purple_stool' in progress file ./world/players/advancements/71c86cdc-3126-35c6-944c-f5ccc89a1b54.json - it doesn't exist anymore?
[00:52:50] [Server thread/WARN]: Ignored advancement 'refurbished_furniture:recipes/misc/constructing/blue_stool' in progress file ./world/players/advancements/71c86cdc-3126-35c6-944c-f5ccc89a1b54.json - it doesn't exist anymore?
[00:52:50] [Server thread/WARN]: Ignored advancement 'refurbished_furniture:recipes/misc/constructing/brown_stool' in progress file ./world/players/advancements/71c86cdc-3126-35c6-944c-f5ccc89a1b54.json - it doesn't exist anymore?
[00:52:50] [Server thread/WARN]: Ignored advancement 'refurbished_furniture:recipes/misc/constructing/green_stool' in progress file ./world/players/advancements/71c86cdc-3126-35c6-944c-f5ccc89a1b54.json - it doesn't exist anymore?
[00:52:50] [Server thread/WARN]: Ignored advancement 'refurbished_furniture:recipes/misc/constructing/orange_stool' in progress file ./world/players/advancements/71c86cdc-3126-35c6-944c-f5ccc89a1b54.json - it doesn't exist anymore?
[00:52:50] [Server thread/WARN]: Ignored advancement 'refurbished_furniture:recipes/misc/constructing/pink_sofa' in progress file ./world/players/advancements/71c86cdc-3126-35c6-944c-f5ccc89a1b54.json - it doesn't exist anymore?
[00:52:50] [Server thread/WARN]: Ignored advancement 'refurbished_furniture:recipes/misc/constructing/yellow_sofa' in progress file ./world/players/advancements/71c86cdc-3126-35c6-944c-f5ccc89a1b54.json - it doesn't exist anymore?
[00:52:50] [Server thread/WARN]: Ignored advancement 'refurbished_furniture:recipes/misc/constructing/orange_sofa' in progress file ./world/players/advancements/71c86cdc-3126-35c6-944c-f5ccc89a1b54.json - it doesn't exist anymore?
[00:52:50] [Server thread/WARN]: Ignored advancement 'refurbished_furniture:recipes/misc/constructing/lime_sofa' in progress file ./world/players/advancements/71c86cdc-3126-35c6-944c-f5ccc89a1b54.json - it doesn't exist anymore?
[00:52:50] [Server thread/WARN]: Ignored advancement 'refurbished_furniture:recipes/misc/constructing/magenta_stool' in progress file ./world/players/advancements/71c86cdc-3126-35c6-944c-f5ccc89a1b54.json - it doesn't exist anymore?
[00:52:50] [Server thread/WARN]: Ignored advancement 'refurbished_furniture:recipes/misc/constructing/brown_sofa' in progress file ./world/players/advancements/71c86cdc-3126-35c6-944c-f5ccc89a1b54.json - it doesn't exist anymore?
[00:52:50] [Server thread/WARN]: Ignored advancement 'refurbished_furniture:recipes/misc/constructing/blue_sofa' in progress file ./world/players/advancements/71c86cdc-3126-35c6-944c-f5ccc89a1b54.json - it doesn't exist anymore?
[00:53:24] [Server thread/WARN]: Ignored advancement 'refurbished_furniture:recipes/misc/constructing/light_blue_stool' in progress file ./world/players/advancements/71c86cdc-3126-35c6-944c-f5ccc89a1b54.json - it doesn't exist anymore?
[00:53:24] [Server thread/WARN]: Ignored advancement 'refurbished_furniture:recipes/misc/constructing/red_sofa' in progress file ./world/players/advancements/71c86cdc-3126-35c6-944c-f5ccc89a1b54.json - it doesn't exist anymore?
[00:53:24] [Server thread/WARN]: Ignored advancement 'refurbished_furniture:recipes/misc/constructing/red_stool' in progress file ./world/players/advancements/71c86cdc-3126-35c6-944c-f5ccc89a1b54.json - it doesn't exist anymore?
[00:53:24] [Server thread/WARN]: Ignored advancement 'refurbished_furniture:recipes/misc/constructing/lime_stool' in progress file ./world/players/advancements/71c86cdc-3126-35c6-944c-f5ccc89a1b54.json - it doesn't exist anymore?
[00:53:24] [Server thread/WARN]: Ignored advancement 'refurbished_furniture:recipes/misc/constructing/light_blue_sofa' in progress file ./world/players/advancements/71c86cdc-3126-35c6-944c-f5ccc89a1b54.json - it doesn't exist anymore?
[00:53:24] [Server thread/WARN]: Ignored advancement 'refurbished_furniture:recipes/misc/constructing/black_sofa' in progress file ./world/players/advancements/71c86cdc-3126-35c6-944c-f5ccc89a1b54.json - it doesn't exist anymore?
[00:53:24] [Server thread/WARN]: Ignored advancement 'refurbished_furniture:recipes/misc/constructing/light_gray_sofa' in progress file ./world/players/advancements/71c86cdc-3126-35c6-944c-f5ccc89a1b54.json - it doesn't exist anymore?
[00:53:24] [Server thread/WARN]: Ignored advancement 'refurbished_furniture:recipes/misc/constructing/purple_sofa' in progress file ./world/players/advancements/71c86cdc-3126-35c6-944c-f5ccc89a1b54.json - it doesn't exist anymore?
[00:53:24] [Server thread/WARN]: Ignored advancement 'refurbished_furniture:recipes/misc/constructing/light_gray_stool' in progress file ./world/players/advancements/71c86cdc-3126-35c6-944c-f5ccc89a1b54.json - it doesn't exist anymore?
[00:53:24] [Server thread/WARN]: Ignored advancement 'refurbished_furniture:recipes/misc/constructing/yellow_stool' in progress file ./world/players/advancements/71c86cdc-3126-35c6-944c-f5ccc89a1b54.json - it doesn't exist anymore?
[00:53:24] [Server thread/WARN]: Ignored advancement 'refurbished_furniture:recipes/misc/constructing/gray_stool' in progress file ./world/players/advancements/71c86cdc-3126-35c6-944c-f5ccc89a1b54.json - it doesn't exist anymore?
[00:53:24] [Server thread/WARN]: Ignored advancement 'refurbished_furniture:recipes/misc/constructing/magenta_sofa' in progress file ./world/players/advancements/71c86cdc-3126-35c6-944c-f5ccc89a1b54.json - it doesn't exist anymore?
[00:53:24] [Server thread/WARN]: Ignored advancement 'refurbished_furniture:recipes/misc/constructing/cyan_sofa' in progress file ./world/players/advancements/71c86cdc-3126-35c6-944c-f5ccc89a1b54.json - it doesn't exist anymore?
[00:53:24] [Server thread/WARN]: Ignored advancement 'refurbished_furniture:recipes/misc/constructing/cyan_stool' in progress file ./world/players/advancements/71c86cdc-3126-35c6-944c-f5ccc89a1b54.json - it doesn't exist anymore?
[00:53:24] [Server thread/WARN]: Ignored advancement 'refurbished_furniture:recipes/misc/constructing/black_stool' in progress file ./world/players/advancements/71c86cdc-3126-35c6-944c-f5ccc89a1b54.json - it doesn't exist anymore?
[00:53:24] [Server thread/WARN]: Ignored advancement 'refurbished_furniture:recipes/misc/constructing/green_sofa' in progress file ./world/players/advancements/71c86cdc-3126-35c6-944c-f5ccc89a1b54.json - it doesn't exist anymore?
[00:53:24] [Server thread/WARN]: Ignored advancement 'refurbished_furniture:recipes/misc/constructing/gray_sofa' in progress file ./world/players/advancements/71c86cdc-3126-35c6-944c-f5ccc89a1b54.json - it doesn't exist anymore?
[00:53:24] [Server thread/WARN]: Ignored advancement 'refurbished_furniture:recipes/misc/constructing/pink_stool' in progress file ./world/players/advancements/71c86cdc-3126-35c6-944c-f5ccc89a1b54.json - it doesn't exist anymore?
[00:53:24] [Server thread/WARN]: Ignored advancement 'refurbished_furniture:recipes/misc/constructing/warped_storage_jar' in progress file ./world/players/advancements/71c86cdc-3126-35c6-944c-f5ccc89a1b54.json - it doesn't exist anymore?
[00:53:24] [Server thread/WARN]: Ignored advancement 'refurbished_furniture:recipes/misc/constructing/acacia_storage_jar' in progress file ./world/players/advancements/71c86cdc-3126-35c6-944c-f5ccc89a1b54.json - it doesn't exist anymore?
[00:53:24] [Server thread/WARN]: Ignored advancement 'refurbished_furniture:recipes/misc/constructing/cherry_storage_jar' in progress file ./world/players/advancements/71c86cdc-3126-35c6-944c-f5ccc89a1b54.json - it doesn't exist anymore?
[00:53:24] [Server thread/WARN]: Ignored advancement 'refurbished_furniture:recipes/misc/constructing/jungle_storage_jar' in progress file ./world/players/advancements/71c86cdc-3126-35c6-944c-f5ccc89a1b54.json - it doesn't exist anymore?
[00:53:24] [Server thread/WARN]: Ignored advancement 'refurbished_furniture:recipes/misc/constructing/spruce_storage_jar' in progress file ./world/players/advancements/71c86cdc-3126-35c6-944c-f5ccc89a1b54.json - it doesn't exist anymore?
[00:53:24] [Server thread/WARN]: Ignored advancement 'refurbished_furniture:recipes/misc/constructing/mangrove_storage_jar' in progress file ./world/players/advancements/71c86cdc-3126-35c6-944c-f5ccc89a1b54.json - it doesn't exist anymore?
[00:53:24] [Server thread/WARN]: Ignored advancement 'refurbished_furniture:recipes/misc/constructing/dark_oak_storage_jar' in progress file ./world/players/advancements/71c86cdc-3126-35c6-944c-f5ccc89a1b54.json - it doesn't exist anymore?
[00:53:24] [Server thread/WARN]: Ignored advancement 'refurbished_furniture:recipes/misc/constructing/birch_storage_jar' in progress file ./world/players/advancements/71c86cdc-3126-35c6-944c-f5ccc89a1b54.json - it doesn't exist anymore?
[00:53:24] [Server thread/WARN]: Ignored advancement 'refurbished_furniture:recipes/misc/constructing/crimson_storage_jar' in progress file ./world/players/advancements/71c86cdc-3126-35c6-944c-f5ccc89a1b54.json - it doesn't exist anymore?
[00:53:24] [Server thread/WARN]: Ignored advancement 'refurbished_furniture:recipes/misc/constructing/oak_storage_jar' in progress file ./world/players/advancements/71c86cdc-3126-35c6-944c-f5ccc89a1b54.json - it doesn't exist anymore?
[00:53:24] [Server thread/WARN]: Ignored advancement 'refurbished_furniture:recipes/misc/constructing/pale_oak_storage_jar' in progress file ./world/players/advancements/71c86cdc-3126-35c6-944c-f5ccc89a1b54.json - it doesn't exist anymore?
[00:53:24] [Server thread/WARN]: Ignored advancement 'refurbished_furniture:recipes/misc/constructing/spruce_table' in progress file ./world/players/advancements/71c86cdc-3126-35c6-944c-f5ccc89a1b54.json - it doesn't exist anymore?
[00:53:24] [Server thread/WARN]: Ignored advancement 'refurbished_furniture:recipes/misc/constructing/spruce_lattice_fence_gate' in progress file ./world/players/advancements/71c86cdc-3126-35c6-944c-f5ccc89a1b54.json - it doesn't exist anymore?
[00:53:24] [Server thread/WARN]: Ignored advancement 'refurbished_furniture:recipes/misc/constructing/spruce_lattice_fence' in progress file ./world/players/advancements/71c86cdc-3126-35c6-944c-f5ccc89a1b54.json - it doesn't exist anymore?
[00:53:24] [Server thread/WARN]: Ignored advancement 'refurbished_furniture:recipes/misc/constructing/spruce_cutting_board' in progress file ./world/players/advancements/71c86cdc-3126-35c6-944c-f5ccc89a1b54.json - it doesn't exist anymore?
[00:53:24] [Server thread/WARN]: Ignored advancement 'refurbished_furniture:recipes/misc/constructing/spruce_mail_box' in progress file ./world/players/advancements/71c86cdc-3126-35c6-944c-f5ccc89a1b54.json - it doesn't exist anymore?
[00:53:24] [Server thread/WARN]: Ignored advancement 'refurbished_furniture:recipes/misc/constructing/spruce_crate' in progress file ./world/players/advancements/71c86cdc-3126-35c6-944c-f5ccc89a1b54.json - it doesn't exist anymore?
[00:53:24] [Server thread/WARN]: Ignored advancement 'refurbished_furniture:recipes/misc/constructing/spruce_desk' in progress file ./world/players/advancements/71c86cdc-3126-35c6-944c-f5ccc89a1b54.json - it doesn't exist anymore?
[00:53:24] [Server thread/WARN]: Ignored advancement 'refurbished_furniture:recipes/misc/constructing/spruce_chair' in progress file ./world/players/advancements/71c86cdc-3126-35c6-944c-f5ccc89a1b54.json - it doesn't exist anymore?
[00:53:24] [Server thread/WARN]: Ignored advancement 'refurbished_furniture:recipes/misc/constructing/spruce_drawer' in progress file ./world/players/advancements/71c86cdc-3126-35c6-944c-f5ccc89a1b54.json - it doesn't exist anymore?
[00:53:24] [Server thread/WARN]: Ignored advancement 'refurbished_furniture:recipes/misc/constructing/crimson_lattice_fence' in progress file ./world/players/advancements/71c86cdc-3126-35c6-944c-f5ccc89a1b54.json - it doesn't exist anymore?
[00:53:24] [Server thread/WARN]: Ignored advancement 'refurbished_furniture:recipes/misc/constructing/jungle_lattice_fence' in progress file ./world/players/advancements/71c86cdc-3126-35c6-944c-f5ccc89a1b54.json - it doesn't exist anymore?
[00:53:24] [Server thread/WARN]: Ignored advancement 'refurbished_furniture:recipes/misc/constructing/dark_oak_lattice_fence_gate' in progress file ./world/players/advancements/71c86cdc-3126-35c6-944c-f5ccc89a1b54.json - it doesn't exist anymore?
[00:53:24] [Server thread/WARN]: Ignored advancement 'refurbished_furniture:recipes/misc/constructing/pale_oak_lattice_fence_gate' in progress file ./world/players/advancements/71c86cdc-3126-35c6-944c-f5ccc89a1b54.json - it doesn't exist anymore?
[00:53:24] [Server thread/WARN]: Ignored advancement 'refurbished_furniture:recipes/misc/constructing/crimson_lattice_fence_gate' in progress file ./world/players/advancements/71c86cdc-3126-35c6-944c-f5ccc89a1b54.json - it doesn't exist anymore?
[00:53:24] [Server thread/WARN]: Ignored advancement 'refurbished_furniture:recipes/misc/constructing/oak_lattice_fence_gate' in progress file ./world/players/advancements/71c86cdc-3126-35c6-944c-f5ccc89a1b54.json - it doesn't exist anymore?
[00:53:24] [Server thread/WARN]: Ignored advancement 'refurbished_furniture:recipes/misc/constructing/birch_lattice_fence' in progress file ./world/players/advancements/71c86cdc-3126-35c6-944c-f5ccc89a1b54.json - it doesn't exist anymore?
[00:53:24] [Server thread/WARN]: Ignored advancement 'refurbished_furniture:recipes/misc/constructing/cherry_lattice_fence' in progress file ./world/players/advancements/71c86cdc-3126-35c6-944c-f5ccc89a1b54.json - it doesn't exist anymore?
[00:53:24] [Server thread/WARN]: Ignored advancement 'refurbished_furniture:recipes/misc/constructing/warped_lattice_fence_gate' in progress file ./world/players/advancements/71c86cdc-3126-35c6-944c-f5ccc89a1b54.json - it doesn't exist anymore?
[00:53:24] [Server thread/WARN]: Ignored advancement 'refurbished_furniture:recipes/misc/constructing/pale_oak_lattice_fence' in progress file ./world/players/advancements/71c86cdc-3126-35c6-944c-f5ccc89a1b54.json - it doesn't exist anymore?
[00:53:24] [Server thread/WARN]: Ignored advancement 'refurbished_furniture:recipes/misc/constructing/dark_oak_lattice_fence' in progress file ./world/players/advancements/71c86cdc-3126-35c6-944c-f5ccc89a1b54.json - it doesn't exist anymore?
[00:53:24] [Server thread/WARN]: Ignored advancement 'refurbished_furniture:recipes/misc/constructing/oak_lattice_fence' in progress file ./world/players/advancements/71c86cdc-3126-35c6-944c-f5ccc89a1b54.json - it doesn't exist anymore?
[00:53:24] [Server thread/WARN]: Ignored advancement 'refurbished_furniture:recipes/misc/constructing/acacia_lattice_fence' in progress file ./world/players/advancements/71c86cdc-3126-35c6-944c-f5ccc89a1b54.json - it doesn't exist anymore?
[00:53:24] [Server thread/WARN]: Ignored advancement 'refurbished_furniture:recipes/misc/constructing/mangrove_lattice_fence' in progress file ./world/players/advancements/71c86cdc-3126-35c6-944c-f5ccc89a1b54.json - it doesn't exist anymore?
[00:53:24] [Server thread/WARN]: Ignored advancement 'refurbished_furniture:recipes/misc/constructing/cherry_lattice_fence_gate' in progress file ./world/players/advancements/71c86cdc-3126-35c6-944c-f5ccc89a1b54.json - it doesn't exist anymore?
[00:53:24] [Server thread/WARN]: Ignored advancement 'refurbished_furniture:recipes/misc/constructing/acacia_lattice_fence_gate' in progress file ./world/players/advancements/71c86cdc-3126-35c6-944c-f5ccc89a1b54.json - it doesn't exist anymore?
[00:53:24] [Server thread/WARN]: Ignored advancement 'refurbished_furniture:recipes/misc/constructing/warped_lattice_fence' in progress file ./world/players/advancements/71c86cdc-3126-35c6-944c-f5ccc89a1b54.json - it doesn't exist anymore?
[00:53:24] [Server thread/WARN]: Ignored advancement 'refurbished_furniture:recipes/misc/constructing/mangrove_lattice_fence_gate' in progress file ./world/players/advancements/71c86cdc-3126-35c6-944c-f5ccc89a1b54.json - it doesn't exist anymore?
[00:53:24] [Server thread/WARN]: Ignored advancement 'refurbished_furniture:recipes/misc/constructing/birch_lattice_fence_gate' in progress file ./world/players/advancements/71c86cdc-3126-35c6-944c-f5ccc89a1b54.json - it doesn't exist anymore?
[00:53:24] [Server thread/WARN]: Ignored advancement 'refurbished_furniture:recipes/misc/constructing/jungle_lattice_fence_gate' in progress file ./world/players/advancements/71c86cdc-3126-35c6-944c-f5ccc89a1b54.json - it doesn't exist anymore?
[00:53:24] [Server thread/WARN]: Ignored advancement 'immersive_armors:recipes/misc/heavy' in progress file ./world/players/advancements/71c86cdc-3126-35c6-944c-f5ccc89a1b54.json - it doesn't exist anymore?
[00:53:24] [Server thread/WARN]: Ignored advancement 'immersive_armors:recipes/misc/steampunk' in progress file ./world/players/advancements/71c86cdc-3126-35c6-944c-f5ccc89a1b54.json - it doesn't exist anymore?
[00:53:24] [Server thread/WARN]: Ignored advancement 'refurbished_furniture:recipes/misc/slicing/string_from_feather' in progress file ./world/players/advancements/71c86cdc-3126-35c6-944c-f5ccc89a1b54.json - it doesn't exist anymore?
[00:53:24] [Server thread/WARN]: Ignored advancement 'refurbished_furniture:recipes/misc/slicing/red_dye_from_spider_eye' in progress file ./world/players/advancements/71c86cdc-3126-35c6-944c-f5ccc89a1b54.json - it doesn't exist anymore?
[00:53:24] [Server thread/WARN]: Ignored advancement 'refurbished_furniture:recipes/misc/constructing/birch_crate' in progress file ./world/players/advancements/71c86cdc-3126-35c6-944c-f5ccc89a1b54.json - it doesn't exist anymore?
[00:53:24] [Server thread/WARN]: Ignored advancement 'refurbished_furniture:recipes/misc/constructing/birch_cutting_board' in progress file ./world/players/advancements/71c86cdc-3126-35c6-944c-f5ccc89a1b54.json - it doesn't exist anymore?
[00:53:24] [Server thread/WARN]: Ignored advancement 'refurbished_furniture:recipes/misc/constructing/birch_chair' in progress file ./world/players/advancements/71c86cdc-3126-35c6-944c-f5ccc89a1b54.json - it doesn't exist anymore?
[00:53:24] [Server thread/WARN]: Ignored advancement 'refurbished_furniture:recipes/misc/constructing/birch_drawer' in progress file ./world/players/advancements/71c86cdc-3126-35c6-944c-f5ccc89a1b54.json - it doesn't exist anymore?
[00:53:24] [Server thread/WARN]: Ignored advancement 'refurbished_furniture:recipes/misc/constructing/birch_table' in progress file ./world/players/advancements/71c86cdc-3126-35c6-944c-f5ccc89a1b54.json - it doesn't exist anymore?
[00:53:24] [Server thread/WARN]: Ignored advancement 'refurbished_furniture:recipes/misc/constructing/birch_mail_box' in progress file ./world/players/advancements/71c86cdc-3126-35c6-944c-f5ccc89a1b54.json - it doesn't exist anymore?
[00:53:24] [Server thread/WARN]: Ignored advancement 'refurbished_furniture:recipes/misc/constructing/birch_desk' in progress file ./world/players/advancements/71c86cdc-3126-35c6-944c-f5ccc89a1b54.json - it doesn't exist anymore?
[00:53:24] [Server thread/WARN]: Ignored advancement 'refurbished_furniture:recipes/misc/slicing/bone_meal_from_bone' in progress file ./world/players/advancements/71c86cdc-3126-35c6-944c-f5ccc89a1b54.json - it doesn't exist anymore?
[00:53:24] [Server thread/WARN]: Ignored advancement 'immersive_armors:recipes/misc/bone' in progress file ./world/players/advancements/71c86cdc-3126-35c6-944c-f5ccc89a1b54.json - it doesn't exist anymore?
[00:53:24] [Server thread/WARN]: Ignored advancement 'refurbished_furniture:recipes/misc/constructing/andesite_stepping_stones' in progress file ./world/players/advancements/71c86cdc-3126-35c6-944c-f5ccc89a1b54.json - it doesn't exist anymore?
[00:53:24] [Server thread/WARN]: Ignored advancement 'refurbished_furniture:recipes/misc/slicing/brown_dye_from_rotten_flesh' in progress file ./world/players/advancements/71c86cdc-3126-35c6-944c-f5ccc89a1b54.json - it doesn't exist anymore?
[00:53:24] [Server thread/WARN]: Ignored advancement 'refurbished_furniture:recipes/misc/slicing/red_dye_from_sweet_berries' in progress file ./world/players/advancements/71c86cdc-3126-35c6-944c-f5ccc89a1b54.json - it doesn't exist anymore?
[00:53:24] [Server thread/WARN]: Ignored advancement 'refurbished_furniture:recipes/misc/slicing/red_dye_from_poppy' in progress file ./world/players/advancements/71c86cdc-3126-35c6-944c-f5ccc89a1b54.json - it doesn't exist anymore?
[00:53:24] [Server thread/WARN]: Ignored advancement 'refurbished_furniture:recipes/misc/constructing/red_toilet' in progress file ./world/players/advancements/71c86cdc-3126-35c6-944c-f5ccc89a1b54.json - it doesn't exist anymore?
[00:53:24] [Server thread/WARN]: Ignored advancement 'refurbished_furniture:recipes/misc/constructing/red_kitchen_cabinetry' in progress file ./world/players/advancements/71c86cdc-3126-35c6-944c-f5ccc89a1b54.json - it doesn't exist anymore?
[00:53:24] [Server thread/WARN]: Ignored advancement 'refurbished_furniture:recipes/decorations/red_kitchen_sink_from_dyeing' in progress file ./world/players/advancements/71c86cdc-3126-35c6-944c-f5ccc89a1b54.json - it doesn't exist anymore?
[00:53:24] [Server thread/WARN]: Ignored advancement 'refurbished_furniture:recipes/misc/constructing/red_kitchen_sink' in progress file ./world/players/advancements/71c86cdc-3126-35c6-944c-f5ccc89a1b54.json - it doesn't exist anymore?
[00:53:24] [Server thread/WARN]: Ignored advancement 'refurbished_furniture:recipes/decorations/red_kitchen_storage_cabinet_from_dyeing' in progress file ./world/players/advancements/71c86cdc-3126-35c6-944c-f5ccc89a1b54.json - it doesn't exist anymore?
[00:53:24] [Server thread/WARN]: Ignored advancement 'refurbished_furniture:recipes/decorations/red_cooler_from_dyeing' in progress file ./world/players/advancements/71c86cdc-3126-35c6-944c-f5ccc89a1b54.json - it doesn't exist anymore?
[00:53:24] [Server thread/WARN]: Ignored advancement 'refurbished_furniture:recipes/decorations/red_trampoline_from_dyeing' in progress file ./world/players/advancements/71c86cdc-3126-35c6-944c-f5ccc89a1b54.json - it doesn't exist anymore?
[00:53:24] [Server thread/WARN]: Ignored advancement 'refurbished_furniture:recipes/misc/constructing/red_bath' in progress file ./world/players/advancements/71c86cdc-3126-35c6-944c-f5ccc89a1b54.json - it doesn't exist anymore?
[00:53:24] [Server thread/WARN]: Ignored advancement 'refurbished_furniture:recipes/decorations/red_lamp_from_dyeing' in progress file ./world/players/advancements/71c86cdc-3126-35c6-944c-f5ccc89a1b54.json - it doesn't exist anymore?
[00:53:24] [Server thread/WARN]: Ignored advancement 'refurbished_furniture:recipes/decorations/red_stool_from_dyeing' in progress file ./world/players/advancements/71c86cdc-3126-35c6-944c-f5ccc89a1b54.json - it doesn't exist anymore?
[00:53:24] [Server thread/WARN]: Ignored advancement 'refurbished_furniture:recipes/decorations/red_grill_from_dyeing' in progress file ./world/players/advancements/71c86cdc-3126-35c6-944c-f5ccc89a1b54.json - it doesn't exist anymore?
[00:53:24] [Server thread/WARN]: Ignored advancement 'refurbished_furniture:recipes/decorations/red_sofa_from_dyeing' in progress file ./world/players/advancements/71c86cdc-3126-35c6-944c-f5ccc89a1b54.json - it doesn't exist anymore?
[00:53:24] [Server thread/WARN]: Ignored advancement 'refurbished_furniture:recipes/decorations/red_toilet' in progress file ./world/players/advancements/71c86cdc-3126-35c6-944c-f5ccc89a1b54.json - it doesn't exist anymore?
[00:53:24] [Server thread/WARN]: Ignored advancement 'refurbished_furniture:recipes/misc/constructing/red_basin' in progress file ./world/players/advancements/71c86cdc-3126-35c6-944c-f5ccc89a1b54.json - it doesn't exist anymore?
[00:53:24] [Server thread/WARN]: Ignored advancement 'refurbished_furniture:recipes/misc/constructing/red_kitchen_storage_cabinet' in progress file ./world/players/advancements/71c86cdc-3126-35c6-944c-f5ccc89a1b54.json - it doesn't exist anymore?
[00:53:24] [Server thread/WARN]: Ignored advancement 'refurbished_furniture:recipes/decorations/red_kitchen_drawer_from_dyeing' in progress file ./world/players/advancements/71c86cdc-3126-35c6-944c-f5ccc89a1b54.json - it doesn't exist anymore?
[00:53:24] [Server thread/WARN]: Ignored advancement 'refurbished_furniture:recipes/decorations/red_kitchen_cabinetry_from_dyeing' in progress file ./world/players/advancements/71c86cdc-3126-35c6-944c-f5ccc89a1b54.json - it doesn't exist anymore?
[00:53:24] [Server thread/WARN]: Ignored advancement 'refurbished_furniture:recipes/misc/constructing/red_kitchen_drawer' in progress file ./world/players/advancements/71c86cdc-3126-35c6-944c-f5ccc89a1b54.json - it doesn't exist anymore?
[00:53:24] [Server thread/WARN]: Ignored advancement 'refurbished_furniture:recipes/misc/constructing/dark_microwave' in progress file ./world/players/advancements/71c86cdc-3126-35c6-944c-f5ccc89a1b54.json - it doesn't exist anymore?
[00:53:24] [Server thread/WARN]: Ignored advancement 'refurbished_furniture:recipes/misc/constructing/black_kitchen_sink' in progress file ./world/players/advancements/71c86cdc-3126-35c6-944c-f5ccc89a1b54.json - it doesn't exist anymore?
[00:53:24] [Server thread/WARN]: Ignored advancement 'refurbished_furniture:recipes/decorations/spruce_dark_ceiling_fan' in progress file ./world/players/advancements/71c86cdc-3126-35c6-944c-f5ccc89a1b54.json - it doesn't exist anymore?
[00:53:24] [Server thread/WARN]: Ignored advancement 'refurbished_furniture:recipes/decorations/dark_ceiling_light' in progress file ./world/players/advancements/71c86cdc-3126-35c6-944c-f5ccc89a1b54.json - it doesn't exist anymore?
[00:53:24] [Server thread/WARN]: Ignored advancement 'refurbished_furniture:recipes/decorations/warped_dark_ceiling_fan' in progress file ./world/players/advancements/71c86cdc-3126-35c6-944c-f5ccc89a1b54.json - it doesn't exist anymore?
[00:53:24] [Server thread/WARN]: Ignored advancement 'refurbished_furniture:recipes/misc/constructing/dark_range_hood' in progress file ./world/players/advancements/71c86cdc-3126-35c6-944c-f5ccc89a1b54.json - it doesn't exist anymore?
[00:53:24] [Server thread/WARN]: Ignored advancement 'refurbished_furniture:recipes/decorations/birch_dark_ceiling_fan' in progress file ./world/players/advancements/71c86cdc-3126-35c6-944c-f5ccc89a1b54.json - it doesn't exist anymore?
[00:53:24] [Server thread/WARN]: Ignored advancement 'refurbished_furniture:recipes/decorations/black_grill_from_dyeing' in progress file ./world/players/advancements/71c86cdc-3126-35c6-944c-f5ccc89a1b54.json - it doesn't exist anymore?
[00:53:24] [Server thread/WARN]: Ignored advancement 'refurbished_furniture:recipes/decorations/black_kitchen_drawer_from_dyeing' in progress file ./world/players/advancements/71c86cdc-3126-35c6-944c-f5ccc89a1b54.json - it doesn't exist anymore?
[00:53:24] [Server thread/WARN]: Ignored advancement 'refurbished_furniture:recipes/decorations/dark_range_hood' in progress file ./world/players/advancements/71c86cdc-3126-35c6-944c-f5ccc89a1b54.json - it doesn't exist anymore?
[00:53:24] [Server thread/WARN]: Ignored advancement 'refurbished_furniture:recipes/decorations/jungle_dark_ceiling_fan' in progress file ./world/players/advancements/71c86cdc-3126-35c6-944c-f5ccc89a1b54.json - it doesn't exist anymore?
[00:53:24] [Server thread/WARN]: Ignored advancement 'refurbished_furniture:recipes/decorations/acacia_dark_ceiling_fan' in progress file ./world/players/advancements/71c86cdc-3126-35c6-944c-f5ccc89a1b54.json - it doesn't exist anymore?
[00:53:24] [Server thread/WARN]: Ignored advancement 'refurbished_furniture:recipes/decorations/dark_toaster' in progress file ./world/players/advancements/71c86cdc-3126-35c6-944c-f5ccc89a1b54.json - it doesn't exist anymore?
[00:53:24] [Server thread/WARN]: Ignored advancement 'refurbished_furniture:recipes/misc/constructing/birch_dark_ceiling_fan' in progress file ./world/players/advancements/71c86cdc-3126-35c6-944c-f5ccc89a1b54.json - it doesn't exist anymore?
[00:53:24] [Server thread/WARN]: Ignored advancement 'refurbished_furniture:recipes/decorations/dark_fridge' in progress file ./world/players/advancements/71c86cdc-3126-35c6-944c-f5ccc89a1b54.json - it doesn't exist anymore?
[00:53:24] [Server thread/WARN]: Ignored advancement 'refurbished_furniture:recipes/decorations/dark_oak_dark_ceiling_fan' in progress file ./world/players/advancements/71c86cdc-3126-35c6-944c-f5ccc89a1b54.json - it doesn't exist anymore?
[00:53:24] [Server thread/WARN]: Ignored advancement 'refurbished_furniture:recipes/misc/constructing/dark_stove' in progress file ./world/players/advancements/71c86cdc-3126-35c6-944c-f5ccc89a1b54.json - it doesn't exist anymore?
[00:53:24] [Server thread/WARN]: Ignored advancement 'refurbished_furniture:recipes/decorations/dark_microwave' in progress file ./world/players/advancements/71c86cdc-3126-35c6-944c-f5ccc89a1b54.json - it doesn't exist anymore?
[00:53:24] [Server thread/WARN]: Ignored advancement 'refurbished_furniture:recipes/misc/constructing/black_kitchen_cabinetry' in progress file ./world/players/advancements/71c86cdc-3126-35c6-944c-f5ccc89a1b54.json - it doesn't exist anymore?
[00:53:24] [Server thread/WARN]: Ignored advancement 'refurbished_furniture:recipes/decorations/black_kitchen_cabinetry_from_dyeing' in progress file ./world/players/advancements/71c86cdc-3126-35c6-944c-f5ccc89a1b54.json - it doesn't exist anymore?
[00:53:24] [Server thread/WARN]: Ignored advancement 'refurbished_furniture:recipes/misc/constructing/black_basin' in progress file ./world/players/advancements/71c86cdc-3126-35c6-944c-f5ccc89a1b54.json - it doesn't exist anymore?
[00:53:24] [Server thread/WARN]: Ignored advancement 'refurbished_furniture:recipes/decorations/oak_dark_ceiling_fan' in progress file ./world/players/advancements/71c86cdc-3126-35c6-944c-f5ccc89a1b54.json - it doesn't exist anymore?
[00:53:24] [Server thread/WARN]: Ignored advancement 'refurbished_furniture:recipes/misc/constructing/dark_toaster' in progress file ./world/players/advancements/71c86cdc-3126-35c6-944c-f5ccc89a1b54.json - it doesn't exist anymore?
[00:53:24] [Server thread/WARN]: Ignored advancement 'refurbished_furniture:recipes/decorations/black_toilet' in progress file ./world/players/advancements/71c86cdc-3126-35c6-944c-f5ccc89a1b54.json - it doesn't exist anymore?
[00:53:24] [Server thread/WARN]: Ignored advancement 'refurbished_furniture:recipes/misc/constructing/crimson_dark_ceiling_fan' in progress file ./world/players/advancements/71c86cdc-3126-35c6-944c-f5ccc89a1b54.json - it doesn't exist anymore?
[00:53:24] [Server thread/WARN]: Ignored advancement 'refurbished_furniture:recipes/misc/constructing/oak_dark_ceiling_fan' in progress file ./world/players/advancements/71c86cdc-3126-35c6-944c-f5ccc89a1b54.json - it doesn't exist anymore?
[00:53:24] [Server thread/WARN]: Ignored advancement 'refurbished_furniture:recipes/decorations/mangrove_dark_ceiling_fan' in progress file ./world/players/advancements/71c86cdc-3126-35c6-944c-f5ccc89a1b54.json - it doesn't exist anymore?
[00:53:24] [Server thread/WARN]: Ignored advancement 'refurbished_furniture:recipes/decorations/black_kitchen_storage_cabinet_from_dyeing' in progress file ./world/players/advancements/71c86cdc-3126-35c6-944c-f5ccc89a1b54.json - it doesn't exist anymore?
[00:53:24] [Server thread/WARN]: Ignored advancement 'refurbished_furniture:recipes/misc/constructing/warped_dark_ceiling_fan' in progress file ./world/players/advancements/71c86cdc-3126-35c6-944c-f5ccc89a1b54.json - it doesn't exist anymore?
[00:53:24] [Server thread/WARN]: Ignored advancement 'refurbished_furniture:recipes/misc/constructing/dark_oak_dark_ceiling_fan' in progress file ./world/players/advancements/71c86cdc-3126-35c6-944c-f5ccc89a1b54.json - it doesn't exist anymore?
[00:53:24] [Server thread/WARN]: Ignored advancement 'refurbished_furniture:recipes/decorations/black_sofa_from_dyeing' in progress file ./world/players/advancements/71c86cdc-3126-35c6-944c-f5ccc89a1b54.json - it doesn't exist anymore?
[00:53:24] [Server thread/WARN]: Ignored advancement 'refurbished_furniture:recipes/decorations/black_cooler_from_dyeing' in progress file ./world/players/advancements/71c86cdc-3126-35c6-944c-f5ccc89a1b54.json - it doesn't exist anymore?
[00:53:24] [Server thread/WARN]: Ignored advancement 'refurbished_furniture:recipes/decorations/dark_stove' in progress file ./world/players/advancements/71c86cdc-3126-35c6-944c-f5ccc89a1b54.json - it doesn't exist anymore?
[00:53:24] [Server thread/WARN]: Ignored advancement 'refurbished_furniture:recipes/misc/constructing/jungle_dark_ceiling_fan' in progress file ./world/players/advancements/71c86cdc-3126-35c6-944c-f5ccc89a1b54.json - it doesn't exist anymore?
[00:53:24] [Server thread/WARN]: Ignored advancement 'refurbished_furniture:recipes/misc/constructing/dark_ceiling_light' in progress file ./world/players/advancements/71c86cdc-3126-35c6-944c-f5ccc89a1b54.json - it doesn't exist anymore?
[00:53:24] [Server thread/WARN]: Ignored advancement 'refurbished_furniture:recipes/misc/constructing/spruce_dark_ceiling_fan' in progress file ./world/players/advancements/71c86cdc-3126-35c6-944c-f5ccc89a1b54.json - it doesn't exist anymore?
[00:53:24] [Server thread/WARN]: Ignored advancement 'refurbished_furniture:recipes/misc/constructing/mangrove_dark_ceiling_fan' in progress file ./world/players/advancements/71c86cdc-3126-35c6-944c-f5ccc89a1b54.json - it doesn't exist anymore?
[00:53:24] [Server thread/WARN]: Ignored advancement 'refurbished_furniture:recipes/decorations/black_lamp_from_dyeing' in progress file ./world/players/advancements/71c86cdc-3126-35c6-944c-f5ccc89a1b54.json - it doesn't exist anymore?
[00:53:24] [Server thread/WARN]: Ignored advancement 'refurbished_furniture:recipes/decorations/dark_lightswitch' in progress file ./world/players/advancements/71c86cdc-3126-35c6-944c-f5ccc89a1b54.json - it doesn't exist anymore?
[00:53:24] [Server thread/WARN]: Ignored advancement 'refurbished_furniture:recipes/misc/constructing/dark_fridge' in progress file ./world/players/advancements/71c86cdc-3126-35c6-944c-f5ccc89a1b54.json - it doesn't exist anymore?
[00:53:24] [Server thread/WARN]: Ignored advancement 'refurbished_furniture:recipes/misc/constructing/black_toilet' in progress file ./world/players/advancements/71c86cdc-3126-35c6-944c-f5ccc89a1b54.json - it doesn't exist anymore?
[00:53:24] [Server thread/WARN]: Ignored advancement 'refurbished_furniture:recipes/decorations/black_kitchen_sink_from_dyeing' in progress file ./world/players/advancements/71c86cdc-3126-35c6-944c-f5ccc89a1b54.json - it doesn't exist anymore?
[00:53:24] [Server thread/WARN]: Ignored advancement 'refurbished_furniture:recipes/misc/constructing/black_kitchen_storage_cabinet' in progress file ./world/players/advancements/71c86cdc-3126-35c6-944c-f5ccc89a1b54.json - it doesn't exist anymore?
[00:53:24] [Server thread/WARN]: Ignored advancement 'refurbished_furniture:recipes/decorations/crimson_dark_ceiling_fan' in progress file ./world/players/advancements/71c86cdc-3126-35c6-944c-f5ccc89a1b54.json - it doesn't exist anymore?
[00:53:24] [Server thread/WARN]: Ignored advancement 'refurbished_furniture:recipes/misc/constructing/black_bath' in progress file ./world/players/advancements/71c86cdc-3126-35c6-944c-f5ccc89a1b54.json - it doesn't exist anymore?
[00:53:24] [Server thread/WARN]: Ignored advancement 'refurbished_furniture:recipes/misc/constructing/dark_lightswitch' in progress file ./world/players/advancements/71c86cdc-3126-35c6-944c-f5ccc89a1b54.json - it doesn't exist anymore?
[00:53:24] [Server thread/WARN]: Ignored advancement 'refurbished_furniture:recipes/decorations/pale_oak_dark_ceiling_fan' in progress file ./world/players/advancements/71c86cdc-3126-35c6-944c-f5ccc89a1b54.json - it doesn't exist anymore?
[00:53:24] [Server thread/WARN]: Ignored advancement 'refurbished_furniture:recipes/misc/constructing/cherry_dark_ceiling_fan' in progress file ./world/players/advancements/71c86cdc-3126-35c6-944c-f5ccc89a1b54.json - it doesn't exist anymore?
[00:53:24] [Server thread/WARN]: Ignored advancement 'refurbished_furniture:recipes/decorations/black_stool_from_dyeing' in progress file ./world/players/advancements/71c86cdc-3126-35c6-944c-f5ccc89a1b54.json - it doesn't exist anymore?
[00:53:24] [Server thread/WARN]: Ignored advancement 'refurbished_furniture:recipes/decorations/cherry_dark_ceiling_fan' in progress file ./world/players/advancements/71c86cdc-3126-35c6-944c-f5ccc89a1b54.json - it doesn't exist anymore?
[00:53:24] [Server thread/WARN]: Ignored advancement 'refurbished_furniture:recipes/decorations/black_trampoline_from_dyeing' in progress file ./world/players/advancements/71c86cdc-3126-35c6-944c-f5ccc89a1b54.json - it doesn't exist anymore?
[00:53:24] [Server thread/WARN]: Ignored advancement 'refurbished_furniture:recipes/misc/constructing/acacia_dark_ceiling_fan' in progress file ./world/players/advancements/71c86cdc-3126-35c6-944c-f5ccc89a1b54.json - it doesn't exist anymore?
[00:53:24] [Server thread/WARN]: Ignored advancement 'refurbished_furniture:recipes/misc/constructing/pale_oak_dark_ceiling_fan' in progress file ./world/players/advancements/71c86cdc-3126-35c6-944c-f5ccc89a1b54.json - it doesn't exist anymore?
[00:53:24] [Server thread/WARN]: Ignored advancement 'refurbished_furniture:recipes/misc/constructing/black_kitchen_drawer' in progress file ./world/players/advancements/71c86cdc-3126-35c6-944c-f5ccc89a1b54.json - it doesn't exist anymore?
[00:53:24] [Server thread/WARN]: Ignored advancement 'refurbished_furniture:recipes/misc/constructing/door_mat' in progress file ./world/players/advancements/71c86cdc-3126-35c6-944c-f5ccc89a1b54.json - it doesn't exist anymore?
[00:53:24] [Server thread/WARN]: Ignored advancement 'refurbished_furniture:recipes/misc/constructing/acacia_drawer' in progress file ./world/players/advancements/71c86cdc-3126-35c6-944c-f5ccc89a1b54.json - it doesn't exist anymore?
[00:53:24] [Server thread/WARN]: Ignored advancement 'refurbished_furniture:recipes/misc/constructing/acacia_table' in progress file ./world/players/advancements/71c86cdc-3126-35c6-944c-f5ccc89a1b54.json - it doesn't exist anymore?
[00:53:24] [Server thread/WARN]: Ignored advancement 'refurbished_furniture:recipes/misc/constructing/acacia_mail_box' in progress file ./world/players/advancements/71c86cdc-3126-35c6-944c-f5ccc89a1b54.json - it doesn't exist anymore?
[00:53:24] [Server thread/WARN]: Ignored advancement 'refurbished_furniture:recipes/misc/constructing/acacia_cutting_board' in progress file ./world/players/advancements/71c86cdc-3126-35c6-944c-f5ccc89a1b54.json - it doesn't exist anymore?
[00:53:24] [Server thread/WARN]: Ignored advancement 'refurbished_furniture:recipes/misc/constructing/acacia_desk' in progress file ./world/players/advancements/71c86cdc-3126-35c6-944c-f5ccc89a1b54.json - it doesn't exist anymore?
[00:53:24] [Server thread/WARN]: Ignored advancement 'refurbished_furniture:recipes/misc/constructing/acacia_chair' in progress file ./world/players/advancements/71c86cdc-3126-35c6-944c-f5ccc89a1b54.json - it doesn't exist anymore?
[00:53:24] [Server thread/WARN]: Ignored advancement 'refurbished_furniture:recipes/misc/constructing/acacia_crate' in progress file ./world/players/advancements/71c86cdc-3126-35c6-944c-f5ccc89a1b54.json - it doesn't exist anymore?
[00:53:24] [Server thread/WARN]: Ignored advancement 'dm:recipes/misc/mg_ammo_rounds' in progress file ./world/players/advancements/71c86cdc-3126-35c6-944c-f5ccc89a1b54.json - it doesn't exist anymore?
[00:53:24] [Server thread/WARN]: Ignored advancement 'dm:recipes/misc/unfinished_cannon_head' in progress file ./world/players/advancements/71c86cdc-3126-35c6-944c-f5ccc89a1b54.json - it doesn't exist anymore?
[00:53:24] [Server thread/WARN]: Ignored advancement 'dm:recipes/tools/turret_remover' in progress file ./world/players/advancements/71c86cdc-3126-35c6-944c-f5ccc89a1b54.json - it doesn't exist anymore?
[00:53:24] [Server thread/ERROR]: Tried to load unrecognized recipe: ResourceKey[minecraft:recipe / minecraft:sulfur_from_sulfur_spikes] removed now.
[00:53:24] [Server thread/ERROR]: Tried to load unrecognized recipe: ResourceKey[minecraft:recipe / refurbished_furniture:constructing/pink_cooler] removed now.
[00:53:24] [Server thread/ERROR]: Tried to load unrecognized recipe: ResourceKey[minecraft:recipe / refurbished_furniture:dark_microwave] removed now.
[00:53:24] [Server thread/ERROR]: Tried to load unrecognized recipe: ResourceKey[minecraft:recipe / refurbished_furniture:constructing/light_gray_grill] removed now.
[00:53:24] [Server thread/ERROR]: Tried to load unrecognized recipe: ResourceKey[minecraft:recipe / refurbished_furniture:constructing/pale_oak_kitchen_cabinetry] removed now.
[00:53:24] [Server thread/ERROR]: Tried to load unrecognized recipe: ResourceKey[minecraft:recipe / immersive_armors:wooden_leggings] removed now.
[00:53:24] [Server thread/ERROR]: Tried to load unrecognized recipe: ResourceKey[minecraft:recipe / refurbished_furniture:constructing/pale_oak_lattice_fence_gate] removed now.
[00:53:24] [Server thread/ERROR]: Tried to load unrecognized recipe: ResourceKey[minecraft:recipe / refurbished_furniture:dark_electricity_generator] removed now.
[00:53:24] [Server thread/ERROR]: Tried to load unrecognized recipe: ResourceKey[minecraft:recipe / refurbished_furniture:constructing/spruce_mail_box] removed now.
[00:53:24] [Server thread/ERROR]: Tried to load unrecognized recipe: ResourceKey[minecraft:recipe / refurbished_furniture:constructing/acacia_dark_ceiling_fan] removed now.
[00:53:24] [Server thread/ERROR]: Tried to load unrecognized recipe: ResourceKey[minecraft:recipe / refurbished_furniture:constructing/acacia_light_ceiling_fan] removed now.
[00:53:24] [Server thread/ERROR]: Tried to load unrecognized recipe: ResourceKey[minecraft:recipe / refurbished_furniture:constructing/purple_sofa] removed now.
[00:53:24] [Server thread/ERROR]: Tried to load unrecognized recipe: ResourceKey[minecraft:recipe / refurbished_furniture:constructing/purple_stool] removed now.
[00:53:24] [Server thread/ERROR]: Tried to load unrecognized recipe: ResourceKey[minecraft:recipe / minecraft:sulfur_stairs] removed now.
[00:53:24] [Server thread/ERROR]: Tried to load unrecognized recipe: ResourceKey[minecraft:recipe / refurbished_furniture:constructing/white_sofa] removed now.
[00:53:24] [Server thread/ERROR]: Tried to load unrecognized recipe: ResourceKey[minecraft:recipe / immersive_armors:bone_leggings] removed now.
[00:53:24] [Server thread/ERROR]: Tried to load unrecognized recipe: ResourceKey[minecraft:recipe / refurbished_furniture:white_kitchen_storage_cabinet_from_dyeing] removed now.
[00:53:24] [Server thread/ERROR]: Tried to load unrecognized recipe: ResourceKey[minecraft:recipe / refurbished_furniture:constructing/pink_grill] removed now.
[00:53:24] [Server thread/ERROR]: Tried to load unrecognized recipe: ResourceKey[minecraft:recipe / refurbished_furniture:constructing/birch_storage_cabinet] removed now.
[00:53:24] [Server thread/ERROR]: Tried to load unrecognized recipe: ResourceKey[minecraft:recipe / refurbished_furniture:constructing/magenta_trampoline] removed now.
[00:53:24] [Server thread/ERROR]: Tried to load unrecognized recipe: ResourceKey[minecraft:recipe / refurbished_furniture:constructing/mangrove_lattice_fence_gate] removed now.
[00:53:24] [Server thread/ERROR]: Tried to load unrecognized recipe: ResourceKey[minecraft:recipe / immersive_armors:steampunk_boots] removed now.
[00:53:24] [Server thread/ERROR]: Tried to load unrecognized recipe: ResourceKey[minecraft:recipe / refurbished_furniture:constructing/mangrove_kitchen_sink] removed now.
[00:53:24] [Server thread/ERROR]: Tried to load unrecognized recipe: ResourceKey[minecraft:recipe / refurbished_furniture:constructing/spruce_drawer] removed now.
[00:53:24] [Server thread/ERROR]: Tried to load unrecognized recipe: ResourceKey[minecraft:recipe / refurbished_furniture:constructing/dark_oak_kitchen_cabinetry] removed now.
[00:53:24] [Server thread/ERROR]: Tried to load unrecognized recipe: ResourceKey[minecraft:recipe / refurbished_furniture:constructing/cyan_trampoline] removed now.
[00:53:24] [Server thread/ERROR]: Tried to load unrecognized recipe: ResourceKey[minecraft:recipe / refurbished_furniture:constructing/crimson_lattice_fence_gate] removed now.
[00:53:24] [Server thread/ERROR]: Tried to load unrecognized recipe: ResourceKey[minecraft:recipe / refurbished_furniture:acacia_dark_ceiling_fan] removed now.
[00:53:24] [Server thread/ERROR]: Tried to load unrecognized recipe: ResourceKey[minecraft:recipe / refurbished_furniture:constructing/brown_cooler] removed now.
[00:53:24] [Server thread/ERROR]: Tried to load unrecognized recipe: ResourceKey[minecraft:recipe / refurbished_furniture:constructing/light_range_hood] removed now.
[00:53:24] [Server thread/ERROR]: Tried to load unrecognized recipe: ResourceKey[minecraft:recipe / refurbished_furniture:constructing/mangrove_basin] removed now.
[00:53:24] [Server thread/ERROR]: Tried to load unrecognized recipe: ResourceKey[minecraft:recipe / refurbished_furniture:constructing/dark_microwave] removed now.
[00:53:24] [Server thread/ERROR]: Tried to load unrecognized recipe: ResourceKey[minecraft:recipe / refurbished_furniture:constructing/dark_stove] removed now.
[00:53:24] [Server thread/ERROR]: Tried to load unrecognized recipe: ResourceKey[minecraft:recipe / refurbished_furniture:constructing/white_cooler] removed now.
[00:53:24] [Server thread/ERROR]: Tried to load unrecognized recipe: ResourceKey[minecraft:recipe / immersive_armors:heavy_leggings] removed now.
[00:53:24] [Server thread/ERROR]: Tried to load unrecognized recipe: ResourceKey[minecraft:recipe / refurbished_furniture:white_kitchen_sink_from_dyeing] removed now.
[00:53:24] [Server thread/ERROR]: Tried to load unrecognized recipe: ResourceKey[minecraft:recipe / refurbished_furniture:constructing/dark_oak_light_ceiling_fan] removed now.
[00:53:24] [Server thread/ERROR]: Tried to load unrecognized recipe: ResourceKey[minecraft:recipe / refurbished_furniture:red_grill_from_dyeing] removed now.
[00:53:24] [Server thread/ERROR]: Tried to load unrecognized recipe: ResourceKey[minecraft:recipe / refurbished_furniture:constructing/dark_fridge] removed now.
[00:53:24] [Server thread/ERROR]: Tried to load unrecognized recipe: ResourceKey[minecraft:recipe / refurbished_furniture:constructing/lime_cooler] removed now.
[00:53:24] [Server thread/ERROR]: Tried to load unrecognized recipe: ResourceKey[minecraft:recipe / refurbished_furniture:red_trampoline_from_dyeing] removed now.
[00:53:24] [Server thread/ERROR]: Tried to load unrecognized recipe: ResourceKey[minecraft:recipe / minecraft:cinnabar_slab_from_cinnabar_stonecutting] removed now.
[00:53:24] [Server thread/ERROR]: Tried to load unrecognized recipe: ResourceKey[minecraft:recipe / refurbished_furniture:constructing/yellow_stool] removed now.
[00:53:24] [Server thread/ERROR]: Tried to load unrecognized recipe: ResourceKey[minecraft:recipe / minecraft:potent_sulfur] removed now.
[00:53:24] [Server thread/ERROR]: Tried to load unrecognized recipe: ResourceKey[minecraft:recipe / refurbished_furniture:constructing/jungle_bath] removed now.
[00:53:24] [Server thread/ERROR]: Tried to load unrecognized recipe: ResourceKey[minecraft:recipe / refurbished_furniture:constructing/cherry_kitchen_drawer] removed now.
[00:53:24] [Server thread/ERROR]: Tried to load unrecognized recipe: ResourceKey[minecraft:recipe / refurbished_furniture:constructing/crimson_storage_cabinet] removed now.
[00:53:24] [Server thread/ERROR]: Tried to load unrecognized recipe: ResourceKey[minecraft:recipe / refurbished_furniture:constructing/white_lamp] removed now.
[00:53:24] [Server thread/ERROR]: Tried to load unrecognized recipe: ResourceKey[minecraft:recipe / refurbished_furniture:constructing/acacia_basin] removed now.
[00:53:24] [Server thread/ERROR]: Tried to load unrecognized recipe: ResourceKey[minecraft:recipe / refurbished_furniture:constructing/yellow_grill] removed now.
[00:53:24] [Server thread/ERROR]: Tried to load unrecognized recipe: ResourceKey[minecraft:recipe / refurbished_furniture:constructing/black_grill] removed now.
[00:53:24] [Server thread/ERROR]: Tried to load unrecognized recipe: ResourceKey[minecraft:recipe / refurbished_furniture:constructing/birch_kitchen_drawer] removed now.
[00:53:24] [Server thread/ERROR]: Tried to load unrecognized recipe: ResourceKey[minecraft:recipe / refurbished_furniture:white_kitchen_drawer_from_dyeing] removed now.
[00:53:24] [Server thread/ERROR]: Tried to load unrecognized recipe: ResourceKey[minecraft:recipe / minecraft:polished_cinnabar_stairs_from_cinnabar_stonecutting] removed now.
[00:53:24] [Server thread/ERROR]: Tried to load unrecognized recipe: ResourceKey[minecraft:recipe / refurbished_furniture:constructing/orange_sofa] removed now.
[00:53:24] [Server thread/ERROR]: Tried to load unrecognized recipe: ResourceKey[minecraft:recipe / refurbished_furniture:constructing/mangrove_kitchen_cabinetry] removed now.
[00:53:24] [Server thread/ERROR]: Tried to load unrecognized recipe: ResourceKey[minecraft:recipe / refurbished_furniture:constructing/jungle_lattice_fence_gate] removed now.
[00:53:24] [Server thread/ERROR]: Tried to load unrecognized recipe: ResourceKey[minecraft:recipe / refurbished_furniture:black_grill_from_dyeing] removed now.
[00:53:24] [Server thread/ERROR]: Tried to load unrecognized recipe: ResourceKey[minecraft:recipe / refurbished_furniture:constructing/black_cooler] removed now.
[00:53:24] [Server thread/ERROR]: Tried to load unrecognized recipe: ResourceKey[minecraft:recipe / refurbished_furniture:dark_toaster] removed now.
[00:53:24] [Server thread/ERROR]: Tried to load unrecognized recipe: ResourceKey[minecraft:recipe / refurbished_furniture:constructing/mangrove_storage_cabinet] removed now.
[00:53:24] [Server thread/ERROR]: Tried to load unrecognized recipe: ResourceKey[minecraft:recipe / refurbished_furniture:constructing/light_gray_stool] removed now.
[00:53:24] [Server thread/ERROR]: Tried to load unrecognized recipe: ResourceKey[minecraft:recipe / refurbished_furniture:constructing/white_kitchen_drawer] removed now.
[00:53:24] [Server thread/ERROR]: Tried to load unrecognized recipe: ResourceKey[minecraft:recipe / refurbished_furniture:constructing/light_lightswitch] removed now.
[00:53:24] [Server thread/ERROR]: Tried to load unrecognized recipe: ResourceKey[minecraft:recipe / refurbished_furniture:constructing/crimson_kitchen_cabinetry] removed now.
[00:53:24] [Server thread/ERROR]: Tried to load unrecognized recipe: ResourceKey[minecraft:recipe / refurbished_furniture:constructing/dark_oak_storage_jar] removed now.
[00:53:24] [Server thread/ERROR]: Tried to load unrecognized recipe: ResourceKey[minecraft:recipe / immersive_armors:steampunk_helmet] removed now.
[00:53:24] [Server thread/ERROR]: Tried to load unrecognized recipe: ResourceKey[minecraft:recipe / refurbished_furniture:dark_range_hood] removed now.
[00:53:24] [Server thread/ERROR]: Tried to load unrecognized recipe: ResourceKey[minecraft:recipe / minecraft:cinnabar_stairs_from_cinnabar_stonecutting] removed now.
[00:53:24] [Server thread/ERROR]: Tried to load unrecognized recipe: ResourceKey[minecraft:recipe / refurbished_furniture:workbench] removed now.
[00:53:24] [Server thread/ERROR]: Tried to load unrecognized recipe: ResourceKey[minecraft:recipe / refurbished_furniture:constructing/spruce_toilet] removed now.
[00:53:24] [Server thread/ERROR]: Tried to load unrecognized recipe: ResourceKey[minecraft:recipe / refurbished_furniture:constructing/orange_grill] removed now.
[00:53:24] [Server thread/ERROR]: Tried to load unrecognized recipe: ResourceKey[minecraft:recipe / refurbished_furniture:red_kitchen_storage_cabinet_from_dyeing] removed now.
[00:53:24] [Server thread/ERROR]: Tried to load unrecognized recipe: ResourceKey[minecraft:recipe / immersive_armors:warrior_boots] removed now.
[00:53:24] [Server thread/ERROR]: Tried to load unrecognized recipe: ResourceKey[minecraft:recipe / minecraft:cinnabar_stairs] removed now.
[00:53:24] [Server thread/ERROR]: Tried to load unrecognized recipe: ResourceKey[minecraft:recipe / refurbished_furniture:dark_fridge] removed now.
[00:53:24] [Server thread/ERROR]: Tried to load unrecognized recipe: ResourceKey[minecraft:recipe / refurbished_furniture:constructing/acacia_desk] removed now.
[00:53:24] [Server thread/ERROR]: Tried to load unrecognized recipe: ResourceKey[minecraft:recipe / refurbished_furniture:constructing/crimson_bath] removed now.
[00:53:24] [Server thread/ERROR]: Tried to load unrecognized recipe: ResourceKey[minecraft:recipe / refurbished_furniture:constructing/light_blue_sofa] removed now.
[00:53:24] [Server thread/ERROR]: Tried to load unrecognized recipe: ResourceKey[minecraft:recipe / minecraft:cinnabar_slab] removed now.
[00:53:24] [Server thread/ERROR]: Tried to load unrecognized recipe: ResourceKey[minecraft:recipe / refurbished_furniture:constructing/spruce_basin] removed now.
[00:53:24] [Server thread/ERROR]: Tried to load unrecognized recipe: ResourceKey[minecraft:recipe / refurbished_furniture:constructing/red_trampoline] removed now.
[00:53:24] [Server thread/ERROR]: Tried to load unrecognized recipe: ResourceKey[minecraft:recipe / refurbished_furniture:red_stool_from_dyeing] removed now.
[00:53:24] [Server thread/ERROR]: Tried to load unrecognized recipe: ResourceKey[minecraft:recipe / refurbished_furniture:constructing/black_kitchen_sink] removed now.
[00:53:24] [Server thread/ERROR]: Tried to load unrecognized recipe: ResourceKey[minecraft:recipe / refurbished_furniture:constructing/gray_grill] removed now.
[00:53:24] [Server thread/ERROR]: Tried to load unrecognized recipe: ResourceKey[minecraft:recipe / refurbished_furniture:constructing/birch_lattice_fence] removed now.
[00:53:24] [Server thread/ERROR]: Tried to load unrecognized recipe: ResourceKey[minecraft:recipe / refurbished_furniture:constructing/blue_grill] removed now.
[00:53:24] [Server thread/ERROR]: Tried to load unrecognized recipe: ResourceKey[minecraft:recipe / minecraft:cinnabar_wall_from_cinnabar_stonecutting] removed now.
[00:53:24] [Server thread/ERROR]: Tried to load unrecognized recipe: ResourceKey[minecraft:recipe / minecraft:sulfur_bricks_from_sulfur_stonecutting] removed now.
[00:53:24] [Server thread/ERROR]: Tried to load unrecognized recipe: ResourceKey[minecraft:recipe / refurbished_furniture:black_kitchen_drawer_from_dyeing] removed now.
[00:53:24] [Server thread/ERROR]: Tried to load unrecognized recipe: ResourceKey[minecraft:recipe / refurbished_furniture:constructing/birch_table] removed now.
[00:53:24] [Server thread/ERROR]: Tried to load unrecognized recipe: ResourceKey[minecraft:recipe / refurbished_furniture:constructing/spruce_kitchen_drawer] removed now.
[00:53:24] [Server thread/ERROR]: Tried to load unrecognized recipe: ResourceKey[minecraft:recipe / refurbished_furniture:constructing/andesite_stepping_stones] removed now.
[00:53:24] [Server thread/ERROR]: Tried to load unrecognized recipe: ResourceKey[minecraft:recipe / refurbished_furniture:constructing/black_toilet] removed now.
[00:53:24] [Server thread/ERROR]: Tried to load unrecognized recipe: ResourceKey[minecraft:recipe / refurbished_furniture:constructing/jungle_kitchen_drawer] removed now.
[00:53:24] [Server thread/ERROR]: Tried to load unrecognized recipe: ResourceKey[minecraft:recipe / refurbished_furniture:constructing/warped_lattice_fence] removed now.
[00:53:24] [Server thread/ERROR]: Tried to load unrecognized recipe: ResourceKey[minecraft:recipe / refurbished_furniture:constructing/acacia_toilet] removed now.
[00:53:24] [Server thread/ERROR]: Tried to load unrecognized recipe: ResourceKey[minecraft:recipe / refurbished_furniture:constructing/red_cooler] removed now.
[00:53:24] [Server thread/ERROR]: Tried to load unrecognized recipe: ResourceKey[minecraft:recipe / refurbished_furniture:dark_ceiling_light] removed now.
[00:53:24] [Server thread/ERROR]: Tried to load unrecognized recipe: ResourceKey[minecraft:recipe / refurbished_furniture:constructing/dark_oak_toilet] removed now.
[00:53:24] [Server thread/ERROR]: Tried to load unrecognized recipe: ResourceKey[minecraft:recipe / refurbished_furniture:constructing/birch_desk] removed now.
[00:53:24] [Server thread/ERROR]: Tried to load unrecognized recipe: ResourceKey[minecraft:recipe / refurbished_furniture:constructing/magenta_lamp] removed now.
[00:53:24] [Server thread/ERROR]: Tried to load unrecognized recipe: ResourceKey[minecraft:recipe / refurbished_furniture:constructing/brown_trampoline] removed now.
[00:53:24] [Server thread/ERROR]: Tried to load unrecognized recipe: ResourceKey[minecraft:recipe / refurbished_furniture:constructing/green_grill] removed now.
[00:53:24] [Server thread/ERROR]: Tried to load unrecognized recipe: ResourceKey[minecraft:recipe / refurbished_furniture:constructing/yellow_lamp] removed now.
[00:53:24] [Server thread/ERROR]: Tried to load unrecognized recipe: ResourceKey[minecraft:recipe / refurbished_furniture:wrench] removed now.
[00:53:24] [Server thread/ERROR]: Tried to load unrecognized recipe: ResourceKey[minecraft:recipe / refurbished_furniture:constructing/yellow_trampoline] removed now.
[00:53:24] [Server thread/ERROR]: Tried to load unrecognized recipe: ResourceKey[minecraft:recipe / refurbished_furniture:constructing/black_sofa] removed now.
[00:53:24] [Server thread/ERROR]: Tried to load unrecognized recipe: ResourceKey[minecraft:recipe / refurbished_furniture:constructing/green_stool] removed now.
[00:53:24] [Server thread/ERROR]: Tried to load unrecognized recipe: ResourceKey[minecraft:recipe / refurbished_furniture:constructing/crimson_storage_jar] removed now.
[00:53:24] [Server thread/ERROR]: Tried to load unrecognized recipe: ResourceKey[minecraft:recipe / refurbished_furniture:constructing/blue_lamp] removed now.
[00:53:24] [Server thread/ERROR]: Tried to load unrecognized recipe: ResourceKey[minecraft:recipe / refurbished_furniture:constructing/red_grill] removed now.
[00:53:24] [Server thread/ERROR]: Tried to load unrecognized recipe: ResourceKey[minecraft:recipe / refurbished_furniture:constructing/white_grill] removed now.
[00:53:24] [Server thread/ERROR]: Tried to load unrecognized recipe: ResourceKey[minecraft:recipe / refurbished_furniture:constructing/spruce_chair] removed now.
[00:53:24] [Server thread/ERROR]: Tried to load unrecognized recipe: ResourceKey[minecraft:recipe / refurbished_furniture:constructing/birch_mail_box] removed now.
[00:53:24] [Server thread/ERROR]: Tried to load unrecognized recipe: ResourceKey[minecraft:recipe / refurbished_furniture:constructing/crimson_toilet] removed now.
[00:53:24] [Server thread/ERROR]: Tried to load unrecognized recipe: ResourceKey[minecraft:recipe / immersive_armors:robe_leggings] removed now.
[00:53:24] [Server thread/ERROR]: Tried to load unrecognized recipe: ResourceKey[minecraft:recipe / refurbished_furniture:constructing/acacia_crate] removed now.
[00:53:24] [Server thread/ERROR]: Tried to load unrecognized recipe: ResourceKey[minecraft:recipe / refurbished_furniture:constructing/acacia_bath] removed now.
[00:53:24] [Server thread/ERROR]: Tried to load unrecognized recipe: ResourceKey[minecraft:recipe / refurbished_furniture:constructing/acacia_storage_jar] removed now.
[00:53:24] [Server thread/ERROR]: Tried to load unrecognized recipe: ResourceKey[minecraft:recipe / refurbished_furniture:red_lamp_from_dyeing] removed now.
[00:53:24] [Server thread/ERROR]: Tried to load unrecognized recipe: ResourceKey[minecraft:recipe / immersive_armors:bone_boots] removed now.
[00:53:24] [Server thread/ERROR]: Tried to load unrecognized recipe: ResourceKey[minecraft:recipe / refurbished_furniture:birch_dark_ceiling_fan] removed now.
[00:53:24] [Server thread/ERROR]: Tried to load unrecognized recipe: ResourceKey[minecraft:recipe / refurbished_furniture:constructing/oak_kitchen_drawer] removed now.
[00:53:24] [Server thread/ERROR]: Tried to load unrecognized recipe: ResourceKey[minecraft:recipe / refurbished_furniture:television_remote] removed now.
[00:53:24] [Server thread/ERROR]: Tried to load unrecognized recipe: ResourceKey[minecraft:recipe / refurbished_furniture:constructing/mangrove_kitchen_storage_cabinet] removed now.
[00:53:24] [Server thread/ERROR]: Tried to load unrecognized recipe: ResourceKey[minecraft:recipe / refurbished_furniture:constructing/crimson_lattice_fence] removed now.
[00:53:24] [Server thread/ERROR]: Tried to load unrecognized recipe: ResourceKey[minecraft:recipe / refurbished_furniture:constructing/brown_sofa] removed now.
[00:53:24] [Server thread/ERROR]: Tried to load unrecognized recipe: ResourceKey[minecraft:recipe / refurbished_furniture:constructing/warped_storage_jar] removed now.
[00:53:24] [Server thread/ERROR]: Tried to load unrecognized recipe: ResourceKey[minecraft:recipe / refurbished_furniture:constructing/birch_bath] removed now.
[00:53:24] [Server thread/ERROR]: Tried to load unrecognized recipe: ResourceKey[minecraft:recipe / refurbished_furniture:constructing/spruce_kitchen_cabinetry] removed now.
[00:53:24] [Server thread/ERROR]: Tried to load unrecognized recipe: ResourceKey[minecraft:recipe / refurbished_furniture:constructing/birch_cutting_board] removed now.
[00:53:24] [Server thread/ERROR]: Tried to load unrecognized recipe: ResourceKey[minecraft:recipe / refurbished_furniture:constructing/acacia_lattice_fence_gate] removed now.
[00:53:24] [Server thread/ERROR]: Tried to load unrecognized recipe: ResourceKey[minecraft:recipe / refurbished_furniture:constructing/white_toilet] removed now.
[00:53:24] [Server thread/ERROR]: Tried to load unrecognized recipe: ResourceKey[minecraft:recipe / refurbished_furniture:white_trampoline_from_dyeing] removed now.
[00:53:24] [Server thread/ERROR]: Tried to load unrecognized recipe: ResourceKey[minecraft:recipe / refurbished_furniture:constructing/pink_lamp] removed now.
[00:53:24] [Server thread/ERROR]: Tried to load unrecognized recipe: ResourceKey[minecraft:recipe / refurbished_furniture:white_stool_from_dyeing] removed now.
[00:53:24] [Server thread/ERROR]: Tried to load unrecognized recipe: ResourceKey[minecraft:recipe / refurbished_furniture:constructing/warped_lattice_fence_gate] removed now.
[00:53:24] [Server thread/ERROR]: Tried to load unrecognized recipe: ResourceKey[minecraft:recipe / refurbished_furniture:constructing/warped_kitchen_cabinetry] removed now.
[00:53:24] [Server thread/ERROR]: Tried to load unrecognized recipe: ResourceKey[minecraft:recipe / refurbished_furniture:constructing/spruce_light_ceiling_fan] removed now.
[00:53:24] [Server thread/ERROR]: Tried to load unrecognized recipe: ResourceKey[minecraft:recipe / refurbished_furniture:constructing/red_stool] removed now.
[00:53:24] [Server thread/ERROR]: Tried to load unrecognized recipe: ResourceKey[minecraft:recipe / refurbished_furniture:spruce_dark_ceiling_fan] removed now.
[00:53:24] [Server thread/ERROR]: Tried to load unrecognized recipe: ResourceKey[minecraft:recipe / refurbished_furniture:constructing/gray_trampoline] removed now.
[00:53:24] [Server thread/ERROR]: Tried to load unrecognized recipe: ResourceKey[minecraft:recipe / refurbished_furniture:black_kitchen_sink_from_dyeing] removed now.
[00:53:24] [Server thread/ERROR]: Tried to load unrecognized recipe: ResourceKey[minecraft:recipe / refurbished_furniture:constructing/cyan_lamp] removed now.
[00:53:24] [Server thread/ERROR]: Tried to load unrecognized recipe: ResourceKey[minecraft:recipe / minecraft:polished_sulfur_wall_from_sulfur_stonecutting] removed now.
[00:53:24] [Server thread/ERROR]: Tried to load unrecognized recipe: ResourceKey[minecraft:recipe / immersive_armors:heavy_chestplate] removed now.
[00:53:24] [Server thread/ERROR]: Tried to load unrecognized recipe: ResourceKey[minecraft:recipe / refurbished_furniture:slicing/orange_dye_from_glow_berries] removed now.
[00:53:24] [Server thread/ERROR]: Tried to load unrecognized recipe: ResourceKey[minecraft:recipe / refurbished_furniture:constructing/pale_oak_toilet] removed now.
[00:53:24] [Server thread/ERROR]: Tried to load unrecognized recipe: ResourceKey[minecraft:recipe / refurbished_furniture:constructing/red_kitchen_drawer] removed now.
[00:53:24] [Server thread/ERROR]: Tried to load unrecognized recipe: ResourceKey[minecraft:recipe / minecraft:sulfur_stairs_from_sulfur_stonecutting] removed now.
[00:53:24] [Server thread/ERROR]: Tried to load unrecognized recipe: ResourceKey[minecraft:recipe / refurbished_furniture:white_toilet] removed now.
[00:53:24] [Server thread/ERROR]: Tried to load unrecognized recipe: ResourceKey[minecraft:recipe / refurbished_furniture:constructing/green_trampoline] removed now.
[00:53:24] [Server thread/ERROR]: Tried to load unrecognized recipe: ResourceKey[minecraft:recipe / refurbished_furniture:constructing/jungle_basin] removed now.
[00:53:24] [Server thread/ERROR]: Tried to load unrecognized recipe: ResourceKey[minecraft:recipe / refurbished_furniture:white_sofa_from_dyeing] removed now.
[00:53:24] [Server thread/ERROR]: Tried to load unrecognized recipe: ResourceKey[minecraft:recipe / refurbished_furniture:constructing/birch_storage_jar] removed now.
[00:53:24] [Server thread/ERROR]: Tried to load unrecognized recipe: ResourceKey[minecraft:recipe / refurbished_furniture:constructing/pale_oak_lattice_fence] removed now.
[00:53:24] [Server thread/ERROR]: Tried to load unrecognized recipe: ResourceKey[minecraft:recipe / refurbished_furniture:constructing/pink_sofa] removed now.
[00:53:24] [Server thread/ERROR]: Tried to load unrecognized recipe: ResourceKey[minecraft:recipe / refurbished_furniture:constructing/crimson_kitchen_storage_cabinet] removed now.
[00:53:24] [Server thread/ERROR]: Tried to load unrecognized recipe: ResourceKey[minecraft:recipe / refurbished_furniture:constructing/black_lamp] removed now.
[00:53:24] [Server thread/ERROR]: Tried to load unrecognized recipe: ResourceKey[minecraft:recipe / refurbished_furniture:constructing/pale_oak_bath] removed now.
[00:53:24] [Server thread/ERROR]: Tried to load unrecognized recipe: ResourceKey[minecraft:recipe / refurbished_furniture:constructing/black_stool] removed now.
[00:53:24] [Server thread/ERROR]: Tried to load unrecognized recipe: ResourceKey[minecraft:recipe / refurbished_furniture:constructing/green_lamp] removed now.
[00:53:24] [Server thread/ERROR]: Tried to load unrecognized recipe: ResourceKey[minecraft:recipe / refurbished_furniture:constructing/black_trampoline] removed now.
[00:53:24] [Server thread/ERROR]: Tried to load unrecognized recipe: ResourceKey[minecraft:recipe / refurbished_furniture:constructing/dark_oak_lattice_fence_gate] removed now.
[00:53:24] [Server thread/ERROR]: Tried to load unrecognized recipe: ResourceKey[minecraft:recipe / refurbished_furniture:constructing/jungle_storage_cabinet] removed now.
[00:53:24] [Server thread/ERROR]: Tried to load unrecognized recipe: ResourceKey[minecraft:recipe / refurbished_furniture:constructing/black_basin] removed now.
[00:53:24] [Server thread/ERROR]: Tried to load unrecognized recipe: ResourceKey[minecraft:recipe / refurbished_furniture:constructing/dark_lightswitch] removed now.
[00:53:24] [Server thread/ERROR]: Tried to load unrecognized recipe: ResourceKey[minecraft:recipe / minecraft:polished_sulfur_stairs_from_sulfur_stonecutting] removed now.
[00:53:24] [Server thread/ERROR]: Tried to load unrecognized recipe: ResourceKey[minecraft:recipe / refurbished_furniture:constructing/computer] removed now.
[00:53:24] [Server thread/ERROR]: Tried to load unrecognized recipe: ResourceKey[minecraft:recipe / refurbished_furniture:constructing/mangrove_toilet] removed now.
[00:53:24] [Server thread/ERROR]: Tried to load unrecognized recipe: ResourceKey[minecraft:recipe / refurbished_furniture:constructing/gray_stool] removed now.
[00:53:24] [Server thread/ERROR]: Tried to load unrecognized recipe: ResourceKey[minecraft:recipe / refurbished_furniture:constructing/blue_stool] removed now.
[00:53:24] [Server thread/ERROR]: Tried to load unrecognized recipe: ResourceKey[minecraft:recipe / refurbished_furniture:constructing/light_gray_sofa] removed now.
[00:53:24] [Server thread/ERROR]: Tried to load unrecognized recipe: ResourceKey[minecraft:recipe / refurbished_furniture:constructing/dark_oak_kitchen_sink] removed now.
[00:53:24] [Server thread/ERROR]: Tried to load unrecognized recipe: ResourceKey[minecraft:recipe / refurbished_furniture:constructing/jungle_lattice_fence] removed now.
[00:53:24] [Server thread/ERROR]: Tried to load unrecognized recipe: ResourceKey[minecraft:recipe / refurbished_furniture:constructing/lime_grill] removed now.
[00:53:24] [Server thread/ERROR]: Tried to load unrecognized recipe: ResourceKey[minecraft:recipe / refurbished_furniture:white_grill_from_dyeing] removed now.
[00:53:24] [Server thread/ERROR]: Tried to load unrecognized recipe: ResourceKey[minecraft:recipe / refurbished_furniture:dark_stove] removed now.
[00:53:24] [Server thread/ERROR]: Tried to load unrecognized recipe: ResourceKey[minecraft:recipe / minecraft:cinnabar_brick_stairs_from_cinnabar_stonecutting] removed now.
[00:53:24] [Server thread/ERROR]: Tried to load unrecognized recipe: ResourceKey[minecraft:recipe / refurbished_furniture:cheese] removed now.
[00:53:24] [Server thread/ERROR]: Tried to load unrecognized recipe: ResourceKey[minecraft:recipe / refurbished_furniture:constructing/post_box] removed now.
[00:53:24] [Server thread/ERROR]: Tried to load unrecognized recipe: ResourceKey[minecraft:recipe / refurbished_furniture:constructing/purple_grill] removed now.
[00:53:24] [Server thread/ERROR]: Tried to load unrecognized recipe: ResourceKey[minecraft:recipe / refurbished_furniture:constructing/yellow_sofa] removed now.
[00:53:24] [Server thread/ERROR]: Tried to load unrecognized recipe: ResourceKey[minecraft:recipe / refurbished_furniture:black_toilet] removed now.
[00:53:24] [Server thread/ERROR]: Tried to load unrecognized recipe: ResourceKey[minecraft:recipe / refurbished_furniture:constructing/cyan_stool] removed now.
[00:53:24] [Server thread/ERROR]: Tried to load unrecognized recipe: ResourceKey[minecraft:recipe / refurbished_furniture:slicing/string_from_feather] removed now.
[00:53:24] [Server thread/ERROR]: Tried to load unrecognized recipe: ResourceKey[minecraft:recipe / refurbished_furniture:constructing/cherry_dark_ceiling_fan] removed now.
[00:53:24] [Server thread/ERROR]: Tried to load unrecognized recipe: ResourceKey[minecraft:recipe / refurbished_furniture:constructing/white_bath] removed now.
[00:53:24] [Server thread/ERROR]: Tried to load unrecognized recipe: ResourceKey[minecraft:recipe / immersive_armors:wooden_chestplate] removed now.
[00:53:24] [Server thread/ERROR]: Tried to load unrecognized recipe: ResourceKey[minecraft:recipe / refurbished_furniture:constructing/cherry_storage_cabinet] removed now.
[00:53:24] [Server thread/ERROR]: Tried to load unrecognized recipe: ResourceKey[minecraft:recipe / refurbished_furniture:constructing/dark_oak_kitchen_drawer] removed now.
[00:53:24] [Server thread/ERROR]: Tried to load unrecognized recipe: ResourceKey[minecraft:recipe / refurbished_furniture:constructing/orange_stool] removed now.
[00:53:24] [Server thread/ERROR]: Tried to load unrecognized recipe: ResourceKey[minecraft:recipe / refurbished_furniture:slicing/red_dye_from_poppy] removed now.
[00:53:24] [Server thread/ERROR]: Tried to load unrecognized recipe: ResourceKey[minecraft:recipe / refurbished_furniture:jungle_dark_ceiling_fan] removed now.
[00:53:24] [Server thread/ERROR]: Tried to load unrecognized recipe: ResourceKey[minecraft:recipe / refurbished_furniture:constructing/jungle_dark_ceiling_fan] removed now.
[00:53:24] [Server thread/ERROR]: Tried to load unrecognized recipe: ResourceKey[minecraft:recipe / refurbished_furniture:dough] removed now.
[00:53:24] [Server thread/ERROR]: Tried to load unrecognized recipe: ResourceKey[minecraft:recipe / refurbished_furniture:constructing/crimson_kitchen_sink] removed now.
[00:53:24] [Server thread/ERROR]: Tried to load unrecognized recipe: ResourceKey[minecraft:recipe / refurbished_furniture:constructing/mangrove_bath] removed now.
[00:53:24] [Server thread/ERROR]: Tried to load unrecognized recipe: ResourceKey[minecraft:recipe / refurbished_furniture:pale_oak_dark_ceiling_fan] removed now.
[00:53:24] [Server thread/ERROR]: Tried to load unrecognized recipe: ResourceKey[minecraft:recipe / refurbished_furniture:constructing/lime_stool] removed now.
[00:53:24] [Server thread/ERROR]: Tried to load unrecognized recipe: ResourceKey[minecraft:recipe / refurbished_furniture:constructing/oak_storage_jar] removed now.
[00:53:24] [Server thread/ERROR]: Tried to load unrecognized recipe: ResourceKey[minecraft:recipe / refurbished_furniture:constructing/gray_cooler] removed now.
[00:53:24] [Server thread/ERROR]: Tried to load unrecognized recipe: ResourceKey[minecraft:recipe / refurbished_furniture:slicing/red_dye_from_spider_eye] removed now.
[00:53:24] [Server thread/ERROR]: Tried to load unrecognized recipe: ResourceKey[minecraft:recipe / immersive_armors:warrior_chestplate] removed now.
[00:53:24] [Server thread/ERROR]: Tried to load unrecognized recipe: ResourceKey[minecraft:recipe / refurbished_furniture:constructing/spruce_kitchen_sink] removed now.
[00:53:24] [Server thread/ERROR]: Tried to load unrecognized recipe: ResourceKey[minecraft:recipe / immersive_armors:heavy_helmet] removed now.
[00:53:24] [Server thread/ERROR]: Tried to load unrecognized recipe: ResourceKey[minecraft:recipe / refurbished_furniture:constructing/acacia_mail_box] removed now.
[00:53:24] [Server thread/ERROR]: Tried to load unrecognized recipe: ResourceKey[minecraft:recipe / refurbished_furniture:crimson_dark_ceiling_fan] removed now.
[00:53:24] [Server thread/ERROR]: Tried to load unrecognized recipe: ResourceKey[minecraft:recipe / refurbished_furniture:constructing/acacia_lattice_fence] removed now.
[00:53:24] [Server thread/ERROR]: Tried to load unrecognized recipe: ResourceKey[minecraft:recipe / refurbished_furniture:constructing/acacia_kitchen_storage_cabinet] removed now.
[00:53:24] [Server thread/ERROR]: Tried to load unrecognized recipe: ResourceKey[minecraft:recipe / refurbished_furniture:constructing/oak_toilet] removed now.
[00:53:24] [Server thread/ERROR]: Tried to load unrecognized recipe: ResourceKey[minecraft:recipe / refurbished_furniture:red_sofa_from_dyeing] removed now.
[00:53:24] [Server thread/ERROR]: Tried to load unrecognized recipe: ResourceKey[minecraft:recipe / jeg:magazine_loader] removed now.
[00:53:24] [Server thread/ERROR]: Tried to load unrecognized recipe: ResourceKey[minecraft:recipe / refurbished_furniture:constructing/spruce_dark_ceiling_fan] removed now.
[00:53:24] [Server thread/ERROR]: Tried to load unrecognized recipe: ResourceKey[minecraft:recipe / refurbished_furniture:constructing/pale_oak_kitchen_sink] removed now.
[00:53:24] [Server thread/ERROR]: Tried to load unrecognized recipe: ResourceKey[minecraft:recipe / refurbished_furniture:constructing/dark_range_hood] removed now.
[00:53:24] [Server thread/ERROR]: Tried to load unrecognized recipe: ResourceKey[minecraft:recipe / refurbished_furniture:constructing/pale_oak_basin] removed now.
[00:53:24] [Server thread/ERROR]: Tried to load unrecognized recipe: ResourceKey[minecraft:recipe / refurbished_furniture:constructing/red_kitchen_cabinetry] removed now.
[00:53:24] [Server thread/ERROR]: Tried to load unrecognized recipe: ResourceKey[minecraft:recipe / refurbished_furniture:black_lamp_from_dyeing] removed now.
[00:53:24] [Server thread/ERROR]: Tried to load unrecognized recipe: ResourceKey[minecraft:recipe / refurbished_furniture:black_stool_from_dyeing] removed now.
[00:53:24] [Server thread/ERROR]: Tried to load unrecognized recipe: ResourceKey[minecraft:recipe / refurbished_furniture:constructing/oak_kitchen_cabinetry] removed now.
[00:53:24] [Server thread/ERROR]: Tried to load unrecognized recipe: ResourceKey[minecraft:recipe / refurbished_furniture:constructing/light_blue_lamp] removed now.
[00:53:24] [Server thread/ERROR]: Tried to load unrecognized recipe: ResourceKey[minecraft:recipe / refurbished_furniture:red_kitchen_sink_from_dyeing] removed now.
[00:53:24] [Server thread/ERROR]: Tried to load unrecognized recipe: ResourceKey[minecraft:recipe / refurbished_furniture:constructing/jungle_toilet] removed now.
[00:53:24] [Server thread/ERROR]: Tried to load unrecognized recipe: ResourceKey[minecraft:recipe / refurbished_furniture:constructing/doorbell] removed now.
[00:53:24] [Server thread/ERROR]: Tried to load unrecognized recipe: ResourceKey[minecraft:recipe / refurbished_furniture:spatula] removed now.
[00:53:24] [Server thread/ERROR]: Tried to load unrecognized recipe: ResourceKey[minecraft:recipe / refurbished_furniture:light_electricity_generator] removed now.
[00:53:24] [Server thread/ERROR]: Tried to load unrecognized recipe: ResourceKey[minecraft:recipe / refurbished_furniture:black_kitchen_cabinetry_from_dyeing] removed now.
[00:53:24] [Server thread/ERROR]: Tried to load unrecognized recipe: ResourceKey[minecraft:recipe / refurbished_furniture:constructing/green_sofa] removed now.
[00:53:24] [Server thread/ERROR]: Tried to load unrecognized recipe: ResourceKey[minecraft:recipe / refurbished_furniture:slicing/brown_dye_from_rotten_flesh] removed now.
[00:53:24] [Server thread/ERROR]: Tried to load unrecognized recipe: ResourceKey[minecraft:recipe / refurbished_furniture:constructing/birch_drawer] removed now.
[00:53:24] [Server thread/ERROR]: Tried to load unrecognized recipe: ResourceKey[minecraft:recipe / refurbished_furniture:black_cooler_from_dyeing] removed now.
[00:53:24] [Server thread/ERROR]: Tried to load unrecognized recipe: ResourceKey[minecraft:recipe / refurbished_furniture:constructing/brown_grill] removed now.
[00:53:24] [Server thread/ERROR]: Tried to load unrecognized recipe: ResourceKey[minecraft:recipe / refurbished_furniture:constructing/warped_bath] removed now.
[00:53:24] [Server thread/ERROR]: Tried to load unrecognized recipe: ResourceKey[minecraft:recipe / refurbished_furniture:constructing/light_gray_cooler] removed now.
[00:53:24] [Server thread/ERROR]: Tried to load unrecognized recipe: ResourceKey[minecraft:recipe / refurbished_furniture:constructing/spruce_lattice_fence_gate] removed now.
[00:53:24] [Server thread/ERROR]: Tried to load unrecognized recipe: ResourceKey[minecraft:recipe / refurbished_furniture:constructing/oak_bath] removed now.
[00:53:24] [Server thread/ERROR]: Tried to load unrecognized recipe: ResourceKey[minecraft:recipe / refurbished_furniture:constructing/birch_light_ceiling_fan] removed now.
[00:53:24] [Server thread/ERROR]: Tried to load unrecognized recipe: ResourceKey[minecraft:recipe / refurbished_furniture:constructing/oak_lattice_fence_gate] removed now.
[00:53:24] [Server thread/ERROR]: Tried to load unrecognized recipe: ResourceKey[minecraft:recipe / refurbished_furniture:constructing/red_basin] removed now.
[00:53:24] [Server thread/ERROR]: Tried to load unrecognized recipe: ResourceKey[minecraft:recipe / refurbished_furniture:constructing/gray_lamp] removed now.
[00:53:24] [Server thread/ERROR]: Tried to load unrecognized recipe: ResourceKey[minecraft:recipe / dm:mg_turret/mg_ammo_rounds] removed now.
[00:53:24] [Server thread/ERROR]: Tried to load unrecognized recipe: ResourceKey[minecraft:recipe / refurbished_furniture:constructing/light_ceiling_light] removed now.
[00:53:24] [Server thread/ERROR]: Tried to load unrecognized recipe: ResourceKey[minecraft:recipe / refurbished_furniture:constructing/oak_kitchen_sink] removed now.
[00:53:24] [Server thread/ERROR]: Tried to load unrecognized recipe: ResourceKey[minecraft:recipe / refurbished_furniture:constructing/lime_lamp] removed now.
[00:53:24] [Server thread/ERROR]: Tried to load unrecognized recipe: ResourceKey[minecraft:recipe / refurbished_furniture:constructing/warped_storage_cabinet] removed now.
[00:53:24] [Server thread/ERROR]: Tried to load unrecognized recipe: ResourceKey[minecraft:recipe / refurbished_furniture:constructing/pale_oak_storage_cabinet] removed now.
[00:53:24] [Server thread/ERROR]: Tried to load unrecognized recipe: ResourceKey[minecraft:recipe / refurbished_furniture:constructing/crimson_dark_ceiling_fan] removed now.
[00:53:24] [Server thread/ERROR]: Tried to load unrecognized recipe: ResourceKey[minecraft:recipe / refurbished_furniture:constructing/jungle_kitchen_sink] removed now.
[00:53:24] [Server thread/ERROR]: Tried to load unrecognized recipe: ResourceKey[minecraft:recipe / refurbished_furniture:constructing/light_blue_grill] removed now.
[00:53:24] [Server thread/ERROR]: Tried to load unrecognized recipe: ResourceKey[minecraft:recipe / refurbished_furniture:constructing/cherry_light_ceiling_fan] removed now.
[00:53:24] [Server thread/ERROR]: Tried to load unrecognized recipe: ResourceKey[minecraft:recipe / refurbished_furniture:constructing/cherry_basin] removed now.
[00:53:24] [Server thread/ERROR]: Tried to load unrecognized recipe: ResourceKey[minecraft:recipe / minecraft:chiseled_sulfur_from_sulfur_stonecutting] removed now.
[00:53:24] [Server thread/ERROR]: Tried to load unrecognized recipe: ResourceKey[minecraft:recipe / refurbished_furniture:constructing/dark_oak_bath] removed now.
[00:53:24] [Server thread/ERROR]: Tried to load unrecognized recipe: ResourceKey[minecraft:recipe / refurbished_furniture:constructing/mangrove_kitchen_drawer] removed now.
[00:53:24] [Server thread/ERROR]: Tried to load unrecognized recipe: ResourceKey[minecraft:recipe / refurbished_furniture:constructing/dark_oak_storage_cabinet] removed now.
[00:53:24] [Server thread/ERROR]: Tried to load unrecognized recipe: ResourceKey[minecraft:recipe / refurbished_furniture:constructing/acacia_storage_cabinet] removed now.
[00:53:24] [Server thread/ERROR]: Tried to load unrecognized recipe: ResourceKey[minecraft:recipe / refurbished_furniture:constructing/spruce_storage_jar] removed now.
[00:53:24] [Server thread/ERROR]: Tried to load unrecognized recipe: ResourceKey[minecraft:recipe / refurbished_furniture:constructing/warped_light_ceiling_fan] removed now.
[00:53:24] [Server thread/ERROR]: Tried to load unrecognized recipe: ResourceKey[minecraft:recipe / refurbished_furniture:slicing/bone_meal_from_bone] removed now.
[00:53:24] [Server thread/ERROR]: Tried to load unrecognized recipe: ResourceKey[minecraft:recipe / refurbished_furniture:constructing/black_kitchen_drawer] removed now.
[00:53:24] [Server thread/ERROR]: Tried to load unrecognized recipe: ResourceKey[minecraft:recipe / refurbished_furniture:constructing/dark_oak_basin] removed now.
[00:53:24] [Server thread/ERROR]: Tried to load unrecognized recipe: ResourceKey[minecraft:recipe / refurbished_furniture:constructing/dark_oak_dark_ceiling_fan] removed now.
[00:53:24] [Server thread/ERROR]: Tried to load unrecognized recipe: ResourceKey[minecraft:recipe / refurbished_furniture:constructing/spruce_kitchen_storage_cabinet] removed now.
[00:53:24] [Server thread/ERROR]: Tried to load unrecognized recipe: ResourceKey[minecraft:recipe / minecraft:polished_cinnabar_wall_from_cinnabar_stonecutting] removed now.
[00:53:24] [Server thread/ERROR]: Tried to load unrecognized recipe: ResourceKey[minecraft:recipe / refurbished_furniture:constructing/magenta_cooler] removed now.
[00:53:24] [Server thread/ERROR]: Tried to load unrecognized recipe: ResourceKey[minecraft:recipe / minecraft:sulfur_slab_from_sulfur_stonecutting] removed now.
[00:53:24] [Server thread/ERROR]: Tried to load unrecognized recipe: ResourceKey[minecraft:recipe / refurbished_furniture:constructing/pink_trampoline] removed now.
[00:53:24] [Server thread/ERROR]: Tried to load unrecognized recipe: ResourceKey[minecraft:recipe / refurbished_furniture:constructing/pale_oak_light_ceiling_fan] removed now.
[00:53:24] [Server thread/ERROR]: Tried to load unrecognized recipe: ResourceKey[minecraft:recipe / dm:turret_remover] removed now.
[00:53:24] [Server thread/ERROR]: Tried to load unrecognized recipe: ResourceKey[minecraft:recipe / refurbished_furniture:constructing/blue_cooler] removed now.
[00:53:24] [Server thread/ERROR]: Tried to load unrecognized recipe: ResourceKey[minecraft:recipe / refurbished_furniture:constructing/cherry_kitchen_sink] removed now.
[00:53:24] [Server thread/ERROR]: Tried to load unrecognized recipe: ResourceKey[minecraft:recipe / refurbished_furniture:constructing/magenta_sofa] removed now.
[00:53:24] [Server thread/ERROR]: Tried to load unrecognized recipe: ResourceKey[minecraft:recipe / refurbished_furniture:constructing/birch_dark_ceiling_fan] removed now.
[00:53:24] [Server thread/ERROR]: Tried to load unrecognized recipe: ResourceKey[minecraft:recipe / refurbished_furniture:constructing/purple_cooler] removed now.
[00:53:24] [Server thread/ERROR]: Tried to load unrecognized recipe: ResourceKey[minecraft:recipe / refurbished_furniture:constructing/spruce_storage_cabinet] removed now.
[00:53:24] [Server thread/ERROR]: Tried to load unrecognized recipe: ResourceKey[minecraft:recipe / refurbished_furniture:constructing/brown_lamp] removed now.
[00:53:24] [Server thread/ERROR]: Tried to load unrecognized recipe: ResourceKey[minecraft:recipe / refurbished_furniture:red_toilet] removed now.
[00:53:24] [Server thread/ERROR]: Tried to load unrecognized recipe: ResourceKey[minecraft:recipe / immersive_armors:warrior_helmet] removed now.
[00:53:24] [Server thread/ERROR]: Tried to load unrecognized recipe: ResourceKey[minecraft:recipe / refurbished_furniture:constructing/spruce_cutting_board] removed now.
[00:53:24] [Server thread/ERROR]: Tried to load unrecognized recipe: ResourceKey[minecraft:recipe / refurbished_furniture:constructing/orange_trampoline] removed now.
[00:53:24] [Server thread/ERROR]: Tried to load unrecognized recipe: ResourceKey[minecraft:recipe / minecraft:polished_sulfur_slab_from_sulfur_stonecutting] removed now.
[00:53:24] [Server thread/ERROR]: Tried to load unrecognized recipe: ResourceKey[minecraft:recipe / refurbished_furniture:constructing/acacia_table] removed now.
[00:53:24] [Server thread/ERROR]: Tried to load unrecognized recipe: ResourceKey[minecraft:recipe / refurbished_furniture:constructing/pale_oak_dark_ceiling_fan] removed now.
[00:53:24] [Server thread/ERROR]: Tried to load unrecognized recipe: ResourceKey[minecraft:recipe / refurbished_furniture:constructing/acacia_cutting_board] removed now.
[00:53:24] [Server thread/ERROR]: Tried to load unrecognized recipe: ResourceKey[minecraft:recipe / refurbished_furniture:constructing/light_blue_cooler] removed now.
[00:53:24] [Server thread/ERROR]: Tried to load unrecognized recipe: ResourceKey[minecraft:recipe / refurbished_furniture:constructing/pink_stool] removed now.
[00:53:24] [Server thread/ERROR]: Tried to load unrecognized recipe: ResourceKey[minecraft:recipe / refurbished_furniture:constructing/black_kitchen_cabinetry] removed now.
[00:53:24] [Server thread/ERROR]: Tried to load unrecognized recipe: ResourceKey[minecraft:recipe / immersive_armors:wooden_helmet] removed now.
[00:53:24] [Server thread/ERROR]: Tried to load unrecognized recipe: ResourceKey[minecraft:recipe / refurbished_furniture:constructing/cherry_lattice_fence_gate] removed now.
[00:53:24] [Server thread/ERROR]: Tried to load unrecognized recipe: ResourceKey[minecraft:recipe / dm:cannon_turret/unfinished_cannon_head] removed now.
[00:53:24] [Server thread/ERROR]: Tried to load unrecognized recipe: ResourceKey[minecraft:recipe / refurbished_furniture:constructing/spruce_bath] removed now.
[00:53:24] [Server thread/ERROR]: Tried to load unrecognized recipe: ResourceKey[minecraft:recipe / refurbished_furniture:constructing/birch_basin] removed now.
[00:53:24] [Server thread/ERROR]: Tried to load unrecognized recipe: ResourceKey[minecraft:recipe / refurbished_furniture:dark_lightswitch] removed now.
[00:53:24] [Server thread/ERROR]: Tried to load unrecognized recipe: ResourceKey[minecraft:recipe / minecraft:cinnabar_bricks_from_cinnabar_stonecutting] removed now.
[00:53:24] [Server thread/ERROR]: Tried to load unrecognized recipe: ResourceKey[minecraft:recipe / refurbished_furniture:constructing/white_basin] removed now.
[00:53:24] [Server thread/ERROR]: Tried to load unrecognized recipe: ResourceKey[minecraft:recipe / refurbished_furniture:constructing/pale_oak_kitchen_drawer] removed now.
[00:53:24] [Server thread/ERROR]: Tried to load unrecognized recipe: ResourceKey[minecraft:recipe / refurbished_furniture:constructing/cherry_bath] removed now.
[00:53:24] [Server thread/ERROR]: Tried to load unrecognized recipe: ResourceKey[minecraft:recipe / refurbished_furniture:constructing/cyan_sofa] removed now.
[00:53:24] [Server thread/ERROR]: Tried to load unrecognized recipe: ResourceKey[minecraft:recipe / refurbished_furniture:red_kitchen_cabinetry_from_dyeing] removed now.
[00:53:24] [Server thread/ERROR]: Tried to load unrecognized recipe: ResourceKey[minecraft:recipe / refurbished_furniture:constructing/red_lamp] removed now.
[00:53:24] [Server thread/ERROR]: Tried to load unrecognized recipe: ResourceKey[minecraft:recipe / refurbished_furniture:constructing/mangrove_dark_ceiling_fan] removed now.
[00:53:24] [Server thread/ERROR]: Tried to load unrecognized recipe: ResourceKey[minecraft:recipe / refurbished_furniture:constructing/recycle_bin] removed now.
[00:53:24] [Server thread/ERROR]: Tried to load unrecognized recipe: ResourceKey[minecraft:recipe / refurbished_furniture:constructing/oak_basin] removed now.
[00:53:24] [Server thread/ERROR]: Tried to load unrecognized recipe: ResourceKey[minecraft:recipe / refurbished_furniture:constructing/magenta_stool] removed now.
[00:53:24] [Server thread/ERROR]: Tried to load unrecognized recipe: ResourceKey[minecraft:recipe / refurbished_furniture:constructing/mangrove_lattice_fence] removed now.
[00:53:24] [Server thread/ERROR]: Tried to load unrecognized recipe: ResourceKey[minecraft:recipe / refurbished_furniture:constructing/acacia_kitchen_cabinetry] removed now.
[00:53:24] [Server thread/ERROR]: Tried to load unrecognized recipe: ResourceKey[minecraft:recipe / refurbished_furniture:constructing/warped_kitchen_drawer] removed now.
[00:53:24] [Server thread/ERROR]: Tried to load unrecognized recipe: ResourceKey[minecraft:recipe / minecraft:cinnabar_brick_wall_from_cinnabar_stonecutting] removed now.
[00:53:24] [Server thread/ERROR]: Tried to load unrecognized recipe: ResourceKey[minecraft:recipe / minecraft:polished_sulfur_from_sulfur_stonecutting] removed now.
[00:53:24] [Server thread/ERROR]: Tried to load unrecognized recipe: ResourceKey[minecraft:recipe / refurbished_furniture:constructing/cherry_kitchen_cabinetry] removed now.
[00:53:24] [Server thread/ERROR]: Tried to load unrecognized recipe: ResourceKey[minecraft:recipe / refurbished_furniture:red_kitchen_drawer_from_dyeing] removed now.
[00:53:24] [Server thread/ERROR]: Tried to load unrecognized recipe: ResourceKey[minecraft:recipe / refurbished_furniture:black_trampoline_from_dyeing] removed now.
[00:53:24] [Server thread/ERROR]: Tried to load unrecognized recipe: ResourceKey[minecraft:recipe / refurbished_furniture:constructing/warped_basin] removed now.
[00:53:24] [Server thread/ERROR]: Tried to load unrecognized recipe: ResourceKey[minecraft:recipe / refurbished_furniture:warped_dark_ceiling_fan] removed now.
[00:53:24] [Server thread/ERROR]: Tried to load unrecognized recipe: ResourceKey[minecraft:recipe / refurbished_furniture:constructing/crimson_kitchen_drawer] removed now.
[00:53:24] [Server thread/ERROR]: Tried to load unrecognized recipe: ResourceKey[minecraft:recipe / refurbished_furniture:constructing/acacia_drawer] removed now.
[00:53:24] [Server thread/ERROR]: Tried to load unrecognized recipe: ResourceKey[minecraft:recipe / refurbished_furniture:constructing/purple_lamp] removed now.
[00:53:24] [Server thread/ERROR]: Tried to load unrecognized recipe: ResourceKey[minecraft:recipe / refurbished_furniture:red_cooler_from_dyeing] removed now.
[00:53:24] [Server thread/ERROR]: Tried to load unrecognized recipe: ResourceKey[minecraft:recipe / refurbished_furniture:constructing/dark_oak_kitchen_storage_cabinet] removed now.
[00:53:24] [Server thread/ERROR]: Tried to load unrecognized recipe: ResourceKey[minecraft:recipe / refurbished_furniture:knife] removed now.
[00:53:24] [Server thread/ERROR]: Tried to load unrecognized recipe: ResourceKey[minecraft:recipe / refurbished_furniture:constructing/green_cooler] removed now.
[00:53:24] [Server thread/ERROR]: Tried to load unrecognized recipe: ResourceKey[minecraft:recipe / refurbished_furniture:white_lamp_from_dyeing] removed now.
[00:53:24] [Server thread/ERROR]: Tried to load unrecognized recipe: ResourceKey[minecraft:recipe / minecraft:polished_sulfur] removed now.
[00:53:24] [Server thread/ERROR]: Tried to load unrecognized recipe: ResourceKey[minecraft:recipe / refurbished_furniture:constructing/warped_dark_ceiling_fan] removed now.
[00:53:24] [Server thread/ERROR]: Tried to load unrecognized recipe: ResourceKey[minecraft:recipe / refurbished_furniture:constructing/light_toaster] removed now.
[00:53:24] [Server thread/ERROR]: Tried to load unrecognized recipe: ResourceKey[minecraft:recipe / refurbished_furniture:constructing/warped_kitchen_storage_cabinet] removed now.
[00:53:24] [Server thread/ERROR]: Tried to load unrecognized recipe: ResourceKey[minecraft:recipe / minecraft:sulfur_brick_wall_from_sulfur_stonecutting] removed now.
[00:53:24] [Server thread/ERROR]: Tried to load unrecognized recipe: ResourceKey[minecraft:recipe / immersive_armors:bone_chestplate] removed now.
[00:53:24] [Server thread/ERROR]: Tried to load unrecognized recipe: ResourceKey[minecraft:recipe / refurbished_furniture:constructing/brown_stool] removed now.
[00:53:24] [Server thread/ERROR]: Tried to load unrecognized recipe: ResourceKey[minecraft:recipe / refurbished_furniture:constructing/stone_stepping_stones] removed now.
[00:53:24] [Server thread/ERROR]: Tried to load unrecognized recipe: ResourceKey[minecraft:recipe / refurbished_furniture:constructing/jungle_kitchen_storage_cabinet] removed now.
[00:53:24] [Server thread/ERROR]: Tried to load unrecognized recipe: ResourceKey[minecraft:recipe / refurbished_furniture:constructing/spruce_table] removed now.
[00:53:24] [Server thread/ERROR]: Tried to load unrecognized recipe: ResourceKey[minecraft:recipe / refurbished_furniture:constructing/spruce_crate] removed now.
[00:53:24] [Server thread/ERROR]: Tried to load unrecognized recipe: ResourceKey[minecraft:recipe / refurbished_furniture:constructing/birch_toilet] removed now.
[00:53:24] [Server thread/ERROR]: Tried to load unrecognized recipe: ResourceKey[minecraft:recipe / refurbished_furniture:constructing/black_bath] removed now.
[00:53:24] [Server thread/ERROR]: Tried to load unrecognized recipe: ResourceKey[minecraft:recipe / refurbished_furniture:constructing/oak_light_ceiling_fan] removed now.
[00:53:24] [Server thread/ERROR]: Tried to load unrecognized recipe: ResourceKey[minecraft:recipe / refurbished_furniture:constructing/red_toilet] removed now.
[00:53:24] [Server thread/ERROR]: Tried to load unrecognized recipe: ResourceKey[minecraft:recipe / refurbished_furniture:constructing/lime_trampoline] removed now.
[00:53:24] [Server thread/ERROR]: Tried to load unrecognized recipe: ResourceKey[minecraft:recipe / minecraft:cinnabar_brick_slab_from_cinnabar_stonecutting] removed now.
[00:53:24] [Server thread/ERROR]: Tried to load unrecognized recipe: ResourceKey[minecraft:recipe / refurbished_furniture:slicing/bread_slice_from_bread] removed now.
[00:53:24] [Server thread/ERROR]: Tried to load unrecognized recipe: ResourceKey[minecraft:recipe / immersive_armors:steampunk_leggings] removed now.
[00:53:24] [Server thread/ERROR]: Tried to load unrecognized recipe: ResourceKey[minecraft:recipe / refurbished_furniture:constructing/red_sofa] removed now.
[00:53:24] [Server thread/ERROR]: Tried to load unrecognized recipe: ResourceKey[minecraft:recipe / minecraft:polished_cinnabar_slab_from_cinnabar_stonecutting] removed now.
[00:53:24] [Server thread/ERROR]: Tried to load unrecognized recipe: ResourceKey[minecraft:recipe / refurbished_furniture:constructing/black_kitchen_storage_cabinet] removed now.
[00:53:24] [Server thread/ERROR]: Tried to load unrecognized recipe: ResourceKey[minecraft:recipe / refurbished_furniture:constructing/birch_crate] removed now.
[00:53:24] [Server thread/ERROR]: Tried to load unrecognized recipe: ResourceKey[minecraft:recipe / refurbished_furniture:white_cooler_from_dyeing] removed now.
[00:53:24] [Server thread/ERROR]: Tried to load unrecognized recipe: ResourceKey[minecraft:recipe / refurbished_furniture:constructing/white_kitchen_cabinetry] removed now.
[00:53:24] [Server thread/ERROR]: Tried to load unrecognized recipe: ResourceKey[minecraft:recipe / refurbished_furniture:constructing/acacia_kitchen_drawer] removed now.
[00:53:24] [Server thread/ERROR]: Tried to load unrecognized recipe: ResourceKey[minecraft:recipe / refurbished_furniture:constructing/frying_pan] removed now.
[00:53:24] [Server thread/ERROR]: Tried to load unrecognized recipe: ResourceKey[minecraft:recipe / refurbished_furniture:constructing/cyan_cooler] removed now.
[00:53:24] [Server thread/ERROR]: Tried to load unrecognized recipe: ResourceKey[minecraft:recipe / refurbished_furniture:constructing/spruce_desk] removed now.
[00:53:24] [Server thread/ERROR]: Tried to load unrecognized recipe: ResourceKey[minecraft:recipe / refurbished_furniture:constructing/white_stool] removed now.
[00:53:24] [Server thread/ERROR]: Tried to load unrecognized recipe: ResourceKey[minecraft:recipe / refurbished_furniture:constructing/lime_sofa] removed now.
[00:53:24] [Server thread/ERROR]: Tried to load unrecognized recipe: ResourceKey[minecraft:recipe / refurbished_furniture:constructing/orange_cooler] removed now.
[00:53:24] [Server thread/ERROR]: Tried to load unrecognized recipe: ResourceKey[minecraft:recipe / refurbished_furniture:constructing/television] removed now.
[00:53:24] [Server thread/ERROR]: Tried to load unrecognized recipe: ResourceKey[minecraft:recipe / immersive_armors:wooden_boots] removed now.
[00:53:24] [Server thread/ERROR]: Tried to load unrecognized recipe: ResourceKey[minecraft:recipe / minecraft:cinnabar_wall] removed now.
[00:53:24] [Server thread/ERROR]: Tried to load unrecognized recipe: ResourceKey[minecraft:recipe / minecraft:chiseled_cinnabar_from_cinnabar_stonecutting] removed now.
[00:53:24] [Server thread/ERROR]: Tried to load unrecognized recipe: ResourceKey[minecraft:recipe / refurbished_furniture:cherry_dark_ceiling_fan] removed now.
[00:53:24] [Server thread/ERROR]: Tried to load unrecognized recipe: ResourceKey[minecraft:recipe / minecraft:sulfur_brick_stairs_from_sulfur_stonecutting] removed now.
[00:53:24] [Server thread/ERROR]: Tried to load unrecognized recipe: ResourceKey[minecraft:recipe / refurbished_furniture:constructing/dark_ceiling_light] removed now.
[00:53:24] [Server thread/ERROR]: Tried to load unrecognized recipe: ResourceKey[minecraft:recipe / minecraft:sulfur_wall] removed now.
[00:53:24] [Server thread/ERROR]: Tried to load unrecognized recipe: ResourceKey[minecraft:recipe / refurbished_furniture:constructing/crimson_light_ceiling_fan] removed now.
[00:53:24] [Server thread/ERROR]: Tried to load unrecognized recipe: ResourceKey[minecraft:recipe / refurbished_furniture:constructing/dark_oak_lattice_fence] removed now.
[00:53:24] [Server thread/ERROR]: Tried to load unrecognized recipe: ResourceKey[minecraft:recipe / refurbished_furniture:slicing/red_dye_from_sweet_berries] removed now.
[00:53:24] [Server thread/ERROR]: Tried to load unrecognized recipe: ResourceKey[minecraft:recipe / refurbished_furniture:black_kitchen_storage_cabinet_from_dyeing] removed now.
[00:53:24] [Server thread/ERROR]: Tried to load unrecognized recipe: ResourceKey[minecraft:recipe / immersive_armors:steampunk_chestplate] removed now.
[00:53:24] [Server thread/ERROR]: Tried to load unrecognized recipe: ResourceKey[minecraft:recipe / refurbished_furniture:constructing/light_blue_trampoline] removed now.
[00:53:24] [Server thread/ERROR]: Tried to load unrecognized recipe: ResourceKey[minecraft:recipe / refurbished_furniture:constructing/blue_trampoline] removed now.
[00:53:24] [Server thread/ERROR]: Tried to load unrecognized recipe: ResourceKey[minecraft:recipe / refurbished_furniture:constructing/acacia_chair] removed now.
[00:53:24] [Server thread/ERROR]: Tried to load unrecognized recipe: ResourceKey[minecraft:recipe / refurbished_furniture:constructing/oak_dark_ceiling_fan] removed now.
[00:53:24] [Server thread/ERROR]: Tried to load unrecognized recipe: ResourceKey[minecraft:recipe / minecraft:sulfur_slab] removed now.
[00:53:24] [Server thread/ERROR]: Tried to load unrecognized recipe: ResourceKey[minecraft:recipe / refurbished_furniture:oak_dark_ceiling_fan] removed now.
[00:53:24] [Server thread/ERROR]: Tried to load unrecognized recipe: ResourceKey[minecraft:recipe / refurbished_furniture:constructing/light_gray_lamp] removed now.
[00:53:24] [Server thread/ERROR]: Tried to load unrecognized recipe: ResourceKey[minecraft:recipe / refurbished_furniture:constructing/purple_trampoline] removed now.
[00:53:24] [Server thread/ERROR]: Tried to load unrecognized recipe: ResourceKey[minecraft:recipe / refurbished_furniture:constructing/birch_chair] removed now.
[00:53:24] [Server thread/ERROR]: Tried to load unrecognized recipe: ResourceKey[minecraft:recipe / refurbished_furniture:constructing/pale_oak_storage_jar] removed now.
[00:53:24] [Server thread/ERROR]: Tried to load unrecognized recipe: ResourceKey[minecraft:recipe / refurbished_furniture:constructing/orange_lamp] removed now.
[00:53:24] [Server thread/ERROR]: Tried to load unrecognized recipe: ResourceKey[minecraft:recipe / refurbished_furniture:constructing/red_kitchen_sink] removed now.
[00:53:24] [Server thread/ERROR]: Tried to load unrecognized recipe: ResourceKey[minecraft:recipe / refurbished_furniture:constructing/red_bath] removed now.
[00:53:24] [Server thread/ERROR]: Tried to load unrecognized recipe: ResourceKey[minecraft:recipe / refurbished_furniture:constructing/mangrove_light_ceiling_fan] removed now.
[00:53:24] [Server thread/ERROR]: Tried to load unrecognized recipe: ResourceKey[minecraft:recipe / refurbished_furniture:constructing/jungle_storage_jar] removed now.
[00:53:24] [Server thread/ERROR]: Tried to load unrecognized recipe: ResourceKey[minecraft:recipe / immersive_armors:robe_helmet] removed now.
[00:53:24] [Server thread/ERROR]: Tried to load unrecognized recipe: ResourceKey[minecraft:recipe / immersive_armors:heavy_boots] removed now.
[00:53:24] [Server thread/ERROR]: Tried to load unrecognized recipe: ResourceKey[minecraft:recipe / immersive_armors:warrior_leggings] removed now.
[00:53:24] [Server thread/ERROR]: Tried to load unrecognized recipe: ResourceKey[minecraft:recipe / refurbished_furniture:constructing/light_blue_stool] removed now.
[00:53:24] [Server thread/ERROR]: Tried to load unrecognized recipe: ResourceKey[minecraft:recipe / refurbished_furniture:constructing/gray_sofa] removed now.
[00:53:24] [Server thread/ERROR]: Tried to load unrecognized recipe: ResourceKey[minecraft:recipe / refurbished_furniture:constructing/white_kitchen_sink] removed now.
[00:53:24] [Server thread/ERROR]: Tried to load unrecognized recipe: ResourceKey[minecraft:recipe / refurbished_furniture:constructing/light_microwave] removed now.
[00:53:24] [Server thread/ERROR]: Tried to load unrecognized recipe: ResourceKey[minecraft:recipe / refurbished_furniture:constructing/white_trampoline] removed now.
[00:53:24] [Server thread/ERROR]: Tried to load unrecognized recipe: ResourceKey[minecraft:recipe / refurbished_furniture:constructing/cherry_lattice_fence] removed now.
[00:53:24] [Server thread/ERROR]: Tried to load unrecognized recipe: ResourceKey[minecraft:recipe / refurbished_furniture:constructing/warped_toilet] removed now.
[00:53:24] [Server thread/ERROR]: Tried to load unrecognized recipe: ResourceKey[minecraft:recipe / refurbished_furniture:constructing/dark_toaster] removed now.
[00:53:24] [Server thread/ERROR]: Tried to load unrecognized recipe: ResourceKey[minecraft:recipe / refurbished_furniture:constructing/white_kitchen_storage_cabinet] removed now.
[00:53:24] [Server thread/ERROR]: Tried to load unrecognized recipe: ResourceKey[minecraft:recipe / refurbished_furniture:constructing/birch_lattice_fence_gate] removed now.
[00:53:24] [Server thread/ERROR]: Tried to load unrecognized recipe: ResourceKey[minecraft:recipe / refurbished_furniture:constructing/birch_kitchen_storage_cabinet] removed now.
[00:53:24] [Server thread/ERROR]: Tried to load unrecognized recipe: ResourceKey[minecraft:recipe / immersive_armors:robe_boots] removed now.
[00:53:24] [Server thread/ERROR]: Tried to load unrecognized recipe: ResourceKey[minecraft:recipe / refurbished_furniture:constructing/door_mat] removed now.
[00:53:24] [Server thread/ERROR]: Tried to load unrecognized recipe: ResourceKey[minecraft:recipe / refurbished_furniture:black_sofa_from_dyeing] removed now.
[00:53:24] [Server thread/ERROR]: Tried to load unrecognized recipe: ResourceKey[minecraft:recipe / refurbished_furniture:constructing/spruce_lattice_fence] removed now.
[00:53:24] [Server thread/ERROR]: Tried to load unrecognized recipe: ResourceKey[minecraft:recipe / refurbished_furniture:constructing/oak_kitchen_storage_cabinet] removed now.
[00:53:24] [Server thread/ERROR]: Tried to load unrecognized recipe: ResourceKey[minecraft:recipe / refurbished_furniture:constructing/oak_lattice_fence] removed now.
[00:53:24] [Server thread/ERROR]: Tried to load unrecognized recipe: ResourceKey[minecraft:recipe / refurbished_furniture:constructing/light_stove] removed now.
[00:53:24] [Server thread/ERROR]: Tried to load unrecognized recipe: ResourceKey[minecraft:recipe / refurbished_furniture:constructing/blue_sofa] removed now.
[00:53:24] [Server thread/ERROR]: Tried to load unrecognized recipe: ResourceKey[minecraft:recipe / refurbished_furniture:constructing/cherry_kitchen_storage_cabinet] removed now.
[00:53:24] [Server thread/ERROR]: Tried to load unrecognized recipe: ResourceKey[minecraft:recipe / refurbished_furniture:constructing/crimson_basin] removed now.
[00:53:24] [Server thread/ERROR]: Tried to load unrecognized recipe: ResourceKey[minecraft:recipe / refurbished_furniture:constructing/magenta_grill] removed now.
[00:53:24] [Server thread/ERROR]: Tried to load unrecognized recipe: ResourceKey[minecraft:recipe / refurbished_furniture:constructing/jungle_light_ceiling_fan] removed now.
[00:53:24] [Server thread/ERROR]: Tried to load unrecognized recipe: ResourceKey[minecraft:recipe / refurbished_furniture:constructing/light_gray_trampoline] removed now.
[00:53:24] [Server thread/ERROR]: Tried to load unrecognized recipe: ResourceKey[minecraft:recipe / refurbished_furniture:constructing/birch_kitchen_cabinetry] removed now.
[00:53:24] [Server thread/ERROR]: Tried to load unrecognized recipe: ResourceKey[minecraft:recipe / refurbished_furniture:constructing/red_kitchen_storage_cabinet] removed now.
[00:53:24] [Server thread/ERROR]: Tried to load unrecognized recipe: ResourceKey[minecraft:recipe / refurbished_furniture:constructing/warped_kitchen_sink] removed now.
[00:53:24] [Server thread/ERROR]: Tried to load unrecognized recipe: ResourceKey[minecraft:recipe / minecraft:polished_cinnabar_from_cinnabar_stonecutting] removed now.
[00:53:24] [Server thread/ERROR]: Tried to load unrecognized recipe: ResourceKey[minecraft:recipe / refurbished_furniture:constructing/jungle_kitchen_cabinetry] removed now.
[00:53:24] [Server thread/ERROR]: Tried to load unrecognized recipe: ResourceKey[minecraft:recipe / refurbished_furniture:constructing/cyan_grill] removed now.
[00:53:24] [Server thread/ERROR]: Tried to load unrecognized recipe: ResourceKey[minecraft:recipe / refurbished_furniture:dark_oak_dark_ceiling_fan] removed now.
[00:53:24] [Server thread/ERROR]: Tried to load unrecognized recipe: ResourceKey[minecraft:recipe / refurbished_furniture:constructing/cherry_storage_jar] removed now.
[00:53:24] [Server thread/ERROR]: Tried to load unrecognized recipe: ResourceKey[minecraft:recipe / immersive_armors:robe_chestplate] removed now.
[00:53:24] [Server thread/ERROR]: Tried to load unrecognized recipe: ResourceKey[minecraft:recipe / refurbished_furniture:constructing/oak_storage_cabinet] removed now.
[00:53:24] [Server thread/ERROR]: Tried to load unrecognized recipe: ResourceKey[minecraft:recipe / betaeta:gunpowder] removed now.
[00:53:24] [Server thread/ERROR]: Tried to load unrecognized recipe: ResourceKey[minecraft:recipe / minecraft:sulfur_brick_slab_from_sulfur_stonecutting] removed now.
[00:53:24] [Server thread/ERROR]: Tried to load unrecognized recipe: ResourceKey[minecraft:recipe / minecraft:polished_cinnabar] removed now.
[00:53:24] [Server thread/ERROR]: Tried to load unrecognized recipe: ResourceKey[minecraft:recipe / refurbished_furniture:constructing/pale_oak_kitchen_storage_cabinet] removed now.
[00:53:24] [Server thread/ERROR]: Tried to load unrecognized recipe: ResourceKey[minecraft:recipe / immersive_armors:bone_helmet] removed now.
[00:53:24] [Server thread/ERROR]: Tried to load unrecognized recipe: ResourceKey[minecraft:recipe / refurbished_furniture:constructing/acacia_kitchen_sink] removed now.
[00:53:24] [Server thread/ERROR]: Tried to load unrecognized recipe: ResourceKey[minecraft:recipe / refurbished_furniture:constructing/cherry_toilet] removed now.
[00:53:25] [Server thread/ERROR]: Tried to load unrecognized recipe: ResourceKey[minecraft:recipe / refurbished_furniture:constructing/light_fridge] removed now.
[00:53:25] [Server thread/ERROR]: Tried to load unrecognized recipe: ResourceKey[minecraft:recipe / minecraft:sulfur_wall_from_sulfur_stonecutting] removed now.
[00:53:25] [Server thread/ERROR]: Tried to load unrecognized recipe: ResourceKey[minecraft:recipe / refurbished_furniture:constructing/yellow_cooler] removed now.
[00:53:25] [Server thread/ERROR]: Tried to load unrecognized recipe: ResourceKey[minecraft:recipe / refurbished_furniture:constructing/birch_kitchen_sink] removed now.
[00:53:25] [Server thread/ERROR]: Tried to load unrecognized recipe: ResourceKey[minecraft:recipe / refurbished_furniture:mangrove_dark_ceiling_fan] removed now.
[00:53:25] [Server thread/ERROR]: Tried to load unrecognized recipe: ResourceKey[minecraft:recipe / refurbished_furniture:white_kitchen_cabinetry_from_dyeing] removed now.
[00:53:25] [Server thread/ERROR]: Tried to load unrecognized recipe: ResourceKey[minecraft:recipe / refurbished_furniture:constructing/mangrove_storage_jar] removed now.
[00:53:25] [Server thread/ERROR]: Tried to load unrecognized recipe: ResourceKey[minecraft:recipe / refurbished_furniture:black_kitchen_drawer_from_dyeing] removed now.
[00:53:25] [Server thread/ERROR]: Tried to load unrecognized recipe: ResourceKey[minecraft:recipe / refurbished_furniture:constructing/acacia_kitchen_storage_cabinet] removed now.
[00:53:25] [Server thread/ERROR]: Tried to load unrecognized recipe: ResourceKey[minecraft:recipe / refurbished_furniture:constructing/birch_table] removed now.
[00:53:25] [Server thread/ERROR]: Tried to load unrecognized recipe: ResourceKey[minecraft:recipe / refurbished_furniture:constructing/spruce_kitchen_drawer] removed now.
[00:53:25] [Server thread/ERROR]: Tried to load unrecognized recipe: ResourceKey[minecraft:recipe / refurbished_furniture:constructing/andesite_stepping_stones] removed now.
[00:53:25] [Server thread/ERROR]: Tried to load unrecognized recipe: ResourceKey[minecraft:recipe / refurbished_furniture:constructing/light_toaster] removed now.
[00:53:25] [Server thread/ERROR]: Tried to load unrecognized recipe: ResourceKey[minecraft:recipe / refurbished_furniture:constructing/warped_kitchen_storage_cabinet] removed now.
[00:53:25] [Server thread/ERROR]: Tried to load unrecognized recipe: ResourceKey[minecraft:recipe / minecraft:sulfur_brick_wall_from_sulfur_stonecutting] removed now.
[00:53:25] [Server thread/ERROR]: Tried to load unrecognized recipe: ResourceKey[minecraft:recipe / immersive_armors:bone_chestplate] removed now.
[00:53:25] [Server thread/ERROR]: Tried to load unrecognized recipe: ResourceKey[minecraft:recipe / refurbished_furniture:constructing/black_toilet] removed now.
[00:53:25] [Server thread/ERROR]: Tried to load unrecognized recipe: ResourceKey[minecraft:recipe / refurbished_furniture:constructing/brown_stool] removed now.
[00:53:25] [Server thread/ERROR]: Tried to load unrecognized recipe: ResourceKey[minecraft:recipe / refurbished_furniture:constructing/jungle_kitchen_drawer] removed now.
[00:53:25] [Server thread/ERROR]: Tried to load unrecognized recipe: ResourceKey[minecraft:recipe / refurbished_furniture:constructing/stone_stepping_stones] removed now.
[00:53:25] [Server thread/ERROR]: Tried to load unrecognized recipe: ResourceKey[minecraft:recipe / refurbished_furniture:constructing/pink_cooler] removed now.
[00:53:25] [Server thread/ERROR]: Tried to load unrecognized recipe: ResourceKey[minecraft:recipe / refurbished_furniture:constructing/warped_lattice_fence] removed now.
[00:53:25] [Server thread/ERROR]: Tried to load unrecognized recipe: ResourceKey[minecraft:recipe / refurbished_furniture:constructing/oak_toilet] removed now.
[00:53:25] [Server thread/ERROR]: Tried to load unrecognized recipe: ResourceKey[minecraft:recipe / refurbished_furniture:constructing/jungle_kitchen_storage_cabinet] removed now.
[00:53:25] [Server thread/ERROR]: Tried to load unrecognized recipe: ResourceKey[minecraft:recipe / refurbished_furniture:constructing/acacia_toilet] removed now.
[00:53:25] [Server thread/ERROR]: Tried to load unrecognized recipe: ResourceKey[minecraft:recipe / refurbished_furniture:constructing/red_cooler] removed now.
[00:53:25] [Server thread/ERROR]: Tried to load unrecognized recipe: ResourceKey[minecraft:recipe / refurbished_furniture:red_sofa_from_dyeing] removed now.
[00:53:25] [Server thread/ERROR]: Tried to load unrecognized recipe: ResourceKey[minecraft:recipe / refurbished_furniture:constructing/spruce_table] removed now.
[00:53:25] [Server thread/ERROR]: Tried to load unrecognized recipe: ResourceKey[minecraft:recipe / refurbished_furniture:constructing/spruce_crate] removed now.
[00:53:25] [Server thread/ERROR]: Tried to load unrecognized recipe: ResourceKey[minecraft:recipe / refurbished_furniture:constructing/spruce_dark_ceiling_fan] removed now.
[00:53:25] [Server thread/ERROR]: Tried to load unrecognized recipe: ResourceKey[minecraft:recipe / refurbished_furniture:constructing/pale_oak_kitchen_sink] removed now.
[00:53:25] [Server thread/ERROR]: Tried to load unrecognized recipe: ResourceKey[minecraft:recipe / refurbished_furniture:constructing/birch_toilet] removed now.
[00:53:25] [Server thread/ERROR]: Tried to load unrecognized recipe: ResourceKey[minecraft:recipe / refurbished_furniture:constructing/dark_oak_toilet] removed now.
[00:53:25] [Server thread/ERROR]: Tried to load unrecognized recipe: ResourceKey[minecraft:recipe / refurbished_furniture:constructing/oak_light_ceiling_fan] removed now.
[00:53:25] [Server thread/ERROR]: Tried to load unrecognized recipe: ResourceKey[minecraft:recipe / refurbished_furniture:constructing/black_bath] removed now.
[00:53:25] [Server thread/ERROR]: Tried to load unrecognized recipe: ResourceKey[minecraft:recipe / refurbished_furniture:constructing/birch_desk] removed now.
[00:53:25] [Server thread/ERROR]: Tried to load unrecognized recipe: ResourceKey[minecraft:recipe / refurbished_furniture:constructing/pale_oak_kitchen_cabinetry] removed now.
[00:53:25] [Server thread/ERROR]: Tried to load unrecognized recipe: ResourceKey[minecraft:recipe / refurbished_furniture:constructing/red_toilet] removed now.
[00:53:25] [Server thread/ERROR]: Tried to load unrecognized recipe: ResourceKey[minecraft:recipe / refurbished_furniture:constructing/pale_oak_lattice_fence_gate] removed now.
[00:53:25] [Server thread/ERROR]: Tried to load unrecognized recipe: ResourceKey[minecraft:recipe / refurbished_furniture:constructing/light_gray_grill] removed now.
[00:53:25] [Server thread/ERROR]: Tried to load unrecognized recipe: ResourceKey[minecraft:recipe / refurbished_furniture:constructing/dark_range_hood] removed now.
[00:53:25] [Server thread/ERROR]: Tried to load unrecognized recipe: ResourceKey[minecraft:recipe / refurbished_furniture:constructing/magenta_lamp] removed now.
[00:53:25] [Server thread/ERROR]: Tried to load unrecognized recipe: ResourceKey[minecraft:recipe / refurbished_furniture:constructing/brown_trampoline] removed now.
[00:53:25] [Server thread/ERROR]: Tried to load unrecognized recipe: ResourceKey[minecraft:recipe / refurbished_furniture:constructing/green_grill] removed now.
[00:53:25] [Server thread/ERROR]: Tried to load unrecognized recipe: ResourceKey[minecraft:recipe / refurbished_furniture:constructing/spruce_mail_box] removed now.
[00:53:25] [Server thread/ERROR]: Tried to load unrecognized recipe: ResourceKey[minecraft:recipe / refurbished_furniture:constructing/lime_trampoline] removed now.
[00:53:25] [Server thread/ERROR]: Tried to load unrecognized recipe: ResourceKey[minecraft:recipe / refurbished_furniture:constructing/pale_oak_basin] removed now.
[00:53:25] [Server thread/ERROR]: Tried to load unrecognized recipe: ResourceKey[minecraft:recipe / refurbished_furniture:wrench] removed now.
[00:53:25] [Server thread/ERROR]: Tried to load unrecognized recipe: ResourceKey[minecraft:recipe / refurbished_furniture:constructing/acacia_dark_ceiling_fan] removed now.
[00:53:25] [Server thread/ERROR]: Tried to load unrecognized recipe: ResourceKey[minecraft:recipe / refurbished_furniture:constructing/red_kitchen_cabinetry] removed now.
[00:53:25] [Server thread/ERROR]: Tried to load unrecognized recipe: ResourceKey[minecraft:recipe / refurbished_furniture:constructing/yellow_lamp] removed now.
[00:53:25] [Server thread/ERROR]: Tried to load unrecognized recipe: ResourceKey[minecraft:recipe / refurbished_furniture:constructing/yellow_trampoline] removed now.
[00:53:25] [Server thread/ERROR]: Tried to load unrecognized recipe: ResourceKey[minecraft:recipe / refurbished_furniture:constructing/acacia_light_ceiling_fan] removed now.
[00:53:25] [Server thread/ERROR]: Tried to load unrecognized recipe: ResourceKey[minecraft:recipe / minecraft:cinnabar_brick_slab_from_cinnabar_stonecutting] removed now.
[00:53:25] [Server thread/ERROR]: Tried to load unrecognized recipe: ResourceKey[minecraft:recipe / refurbished_furniture:black_stool_from_dyeing] removed now.
[00:53:25] [Server thread/ERROR]: Tried to load unrecognized recipe: ResourceKey[minecraft:recipe / refurbished_furniture:constructing/purple_sofa] removed now.
[00:53:25] [Server thread/ERROR]: Tried to load unrecognized recipe: ResourceKey[minecraft:recipe / refurbished_furniture:constructing/oak_kitchen_cabinetry] removed now.
[00:53:25] [Server thread/ERROR]: Tried to load unrecognized recipe: ResourceKey[minecraft:recipe / refurbished_furniture:constructing/light_blue_lamp] removed now.
[00:53:25] [Server thread/ERROR]: Tried to load unrecognized recipe: ResourceKey[minecraft:recipe / refurbished_furniture:constructing/purple_stool] removed now.
[00:53:25] [Server thread/ERROR]: Tried to load unrecognized recipe: ResourceKey[minecraft:recipe / refurbished_furniture:constructing/black_sofa] removed now.
[00:53:25] [Server thread/ERROR]: Tried to load unrecognized recipe: ResourceKey[minecraft:recipe / refurbished_furniture:constructing/white_sofa] removed now.
[00:53:25] [Server thread/ERROR]: Tried to load unrecognized recipe: ResourceKey[minecraft:recipe / immersive_armors:bone_leggings] removed now.
[00:53:25] [Server thread/ERROR]: Tried to load unrecognized recipe: ResourceKey[minecraft:recipe / refurbished_furniture:red_kitchen_sink_from_dyeing] removed now.
[00:53:25] [Server thread/ERROR]: Tried to load unrecognized recipe: ResourceKey[minecraft:recipe / refurbished_furniture:constructing/jungle_toilet] removed now.
[00:53:25] [Server thread/ERROR]: Tried to load unrecognized recipe: ResourceKey[minecraft:recipe / refurbished_furniture:constructing/green_stool] removed now.
[00:53:25] [Server thread/ERROR]: Tried to load unrecognized recipe: ResourceKey[minecraft:recipe / refurbished_furniture:white_kitchen_storage_cabinet_from_dyeing] removed now.
[00:53:25] [Server thread/ERROR]: Tried to load unrecognized recipe: ResourceKey[minecraft:recipe / refurbished_furniture:constructing/pink_grill] removed now.
[00:53:25] [Server thread/ERROR]: Tried to load unrecognized recipe: ResourceKey[minecraft:recipe / refurbished_furniture:constructing/crimson_storage_jar] removed now.
[00:53:25] [Server thread/ERROR]: Tried to load unrecognized recipe: ResourceKey[minecraft:recipe / refurbished_furniture:constructing/birch_storage_cabinet] removed now.
[00:53:25] [Server thread/ERROR]: Tried to load unrecognized recipe: ResourceKey[minecraft:recipe / refurbished_furniture:slicing/bread_slice_from_bread] removed now.
[00:53:25] [Server thread/ERROR]: Tried to load unrecognized recipe: ResourceKey[minecraft:recipe / refurbished_furniture:constructing/doorbell] removed now.
[00:53:25] [Server thread/ERROR]: Tried to load unrecognized recipe: ResourceKey[minecraft:recipe / refurbished_furniture:spatula] removed now.
[00:53:25] [Server thread/ERROR]: Tried to load unrecognized recipe: ResourceKey[minecraft:recipe / refurbished_furniture:black_kitchen_cabinetry_from_dyeing] removed now.
[00:53:25] [Server thread/ERROR]: Tried to load unrecognized recipe: ResourceKey[minecraft:recipe / refurbished_furniture:constructing/magenta_trampoline] removed now.
[00:53:25] [Server thread/ERROR]: Tried to load unrecognized recipe: ResourceKey[minecraft:recipe / refurbished_furniture:constructing/blue_lamp] removed now.
[00:53:25] [Server thread/ERROR]: Tried to load unrecognized recipe: ResourceKey[minecraft:recipe / refurbished_furniture:constructing/red_sofa] removed now.
[00:53:25] [Server thread/ERROR]: Tried to load unrecognized recipe: ResourceKey[minecraft:recipe / minecraft:polished_cinnabar_slab_from_cinnabar_stonecutting] removed now.
[00:53:25] [Server thread/ERROR]: Tried to load unrecognized recipe: ResourceKey[minecraft:recipe / refurbished_furniture:constructing/green_sofa] removed now.
[00:53:25] [Server thread/ERROR]: Tried to load unrecognized recipe: ResourceKey[minecraft:recipe / refurbished_furniture:slicing/brown_dye_from_rotten_flesh] removed now.
[00:53:25] [Server thread/ERROR]: Tried to load unrecognized recipe: ResourceKey[minecraft:recipe / refurbished_furniture:constructing/red_grill] removed now.
[00:53:25] [Server thread/ERROR]: Tried to load unrecognized recipe: ResourceKey[minecraft:recipe / refurbished_furniture:constructing/birch_drawer] removed now.
[00:53:25] [Server thread/ERROR]: Tried to load unrecognized recipe: ResourceKey[minecraft:recipe / refurbished_furniture:constructing/white_grill] removed now.
[00:53:25] [Server thread/ERROR]: Tried to load unrecognized recipe: ResourceKey[minecraft:recipe / refurbished_furniture:black_cooler_from_dyeing] removed now.
[00:53:25] [Server thread/ERROR]: Tried to load unrecognized recipe: ResourceKey[minecraft:recipe / refurbished_furniture:constructing/black_kitchen_storage_cabinet] removed now.
[00:53:25] [Server thread/ERROR]: Tried to load unrecognized recipe: ResourceKey[minecraft:recipe / refurbished_furniture:constructing/spruce_chair] removed now.
[00:53:25] [Server thread/ERROR]: Tried to load unrecognized recipe: ResourceKey[minecraft:recipe / refurbished_furniture:constructing/birch_crate] removed now.
[00:53:25] [Server thread/ERROR]: Tried to load unrecognized recipe: ResourceKey[minecraft:recipe / refurbished_furniture:constructing/mangrove_lattice_fence_gate] removed now.
[00:53:25] [Server thread/ERROR]: Tried to load unrecognized recipe: ResourceKey[minecraft:recipe / refurbished_furniture:white_cooler_from_dyeing] removed now.
[00:53:25] [Server thread/ERROR]: Tried to load unrecognized recipe: ResourceKey[minecraft:recipe / refurbished_furniture:constructing/brown_grill] removed now.
[00:53:25] [Server thread/ERROR]: Tried to load unrecognized recipe: ResourceKey[minecraft:recipe / refurbished_furniture:constructing/warped_bath] removed now.
[00:53:25] [Server thread/ERROR]: Tried to load unrecognized recipe: ResourceKey[minecraft:recipe / refurbished_furniture:constructing/birch_mail_box] removed now.
[00:53:25] [Server thread/ERROR]: Tried to load unrecognized recipe: ResourceKey[minecraft:recipe / refurbished_furniture:constructing/white_kitchen_cabinetry] removed now.
[00:53:25] [Server thread/ERROR]: Tried to load unrecognized recipe: ResourceKey[minecraft:recipe / refurbished_furniture:constructing/light_gray_cooler] removed now.
[00:53:25] [Server thread/ERROR]: Tried to load unrecognized recipe: ResourceKey[minecraft:recipe / refurbished_furniture:constructing/crimson_toilet] removed now.
[00:53:25] [Server thread/ERROR]: Tried to load unrecognized recipe: ResourceKey[minecraft:recipe / refurbished_furniture:constructing/spruce_lattice_fence_gate] removed now.
[00:53:25] [Server thread/ERROR]: Tried to load unrecognized recipe: ResourceKey[minecraft:recipe / refurbished_furniture:constructing/acacia_crate] removed now.
[00:53:25] [Server thread/ERROR]: Tried to load unrecognized recipe: ResourceKey[minecraft:recipe / refurbished_furniture:constructing/birch_light_ceiling_fan] removed now.
[00:53:25] [Server thread/ERROR]: Tried to load unrecognized recipe: ResourceKey[minecraft:recipe / refurbished_furniture:constructing/acacia_kitchen_drawer] removed now.
[00:53:25] [Server thread/ERROR]: Tried to load unrecognized recipe: ResourceKey[minecraft:recipe / refurbished_furniture:constructing/oak_bath] removed now.
[00:53:25] [Server thread/ERROR]: Tried to load unrecognized recipe: ResourceKey[minecraft:recipe / refurbished_furniture:constructing/spruce_drawer] removed now.
[00:53:25] [Server thread/ERROR]: Tried to load unrecognized recipe: ResourceKey[minecraft:recipe / refurbished_furniture:constructing/dark_oak_kitchen_cabinetry] removed now.
[00:53:25] [Server thread/ERROR]: Tried to load unrecognized recipe: ResourceKey[minecraft:recipe / refurbished_furniture:constructing/frying_pan] removed now.
[00:53:25] [Server thread/ERROR]: Tried to load unrecognized recipe: ResourceKey[minecraft:recipe / refurbished_furniture:constructing/mangrove_kitchen_sink] removed now.
[00:53:25] [Server thread/ERROR]: Tried to load unrecognized recipe: ResourceKey[minecraft:recipe / refurbished_furniture:constructing/oak_lattice_fence_gate] removed now.
[00:53:25] [Server thread/ERROR]: Tried to load unrecognized recipe: ResourceKey[minecraft:recipe / refurbished_furniture:constructing/cyan_trampoline] removed now.
[00:53:25] [Server thread/ERROR]: Tried to load unrecognized recipe: ResourceKey[minecraft:recipe / refurbished_furniture:constructing/acacia_bath] removed now.
[00:53:25] [Server thread/ERROR]: Tried to load unrecognized recipe: ResourceKey[minecraft:recipe / refurbished_furniture:constructing/red_basin] removed now.
[00:53:25] [Server thread/ERROR]: Tried to load unrecognized recipe: ResourceKey[minecraft:recipe / refurbished_furniture:constructing/acacia_storage_jar] removed now.
[00:53:25] [Server thread/ERROR]: Tried to load unrecognized recipe: ResourceKey[minecraft:recipe / refurbished_furniture:constructing/cyan_cooler] removed now.
[00:53:25] [Server thread/ERROR]: Tried to load unrecognized recipe: ResourceKey[minecraft:recipe / refurbished_furniture:constructing/crimson_lattice_fence_gate] removed now.
[00:53:25] [Server thread/ERROR]: Tried to load unrecognized recipe: ResourceKey[minecraft:recipe / refurbished_furniture:red_lamp_from_dyeing] removed now.
[00:53:25] [Server thread/ERROR]: Tried to load unrecognized recipe: ResourceKey[minecraft:recipe / refurbished_furniture:constructing/gray_lamp] removed now.
[00:53:25] [Server thread/ERROR]: Tried to load unrecognized recipe: ResourceKey[minecraft:recipe / immersive_armors:bone_boots] removed now.
[00:53:25] [Server thread/ERROR]: Tried to load unrecognized recipe: ResourceKey[minecraft:recipe / dm:mg_turret/mg_ammo_rounds] removed now.
[00:53:25] [Server thread/ERROR]: Tried to load unrecognized recipe: ResourceKey[minecraft:recipe / refurbished_furniture:constructing/spruce_desk] removed now.
[00:53:25] [Server thread/ERROR]: Tried to load unrecognized recipe: ResourceKey[minecraft:recipe / refurbished_furniture:constructing/oak_kitchen_drawer] removed now.
[00:53:25] [Server thread/ERROR]: Tried to load unrecognized recipe: ResourceKey[minecraft:recipe / refurbished_furniture:constructing/white_stool] removed now.
[00:53:25] [Server thread/ERROR]: Tried to load unrecognized recipe: ResourceKey[minecraft:recipe / refurbished_furniture:constructing/light_ceiling_light] removed now.
[00:53:25] [Server thread/ERROR]: Tried to load unrecognized recipe: ResourceKey[minecraft:recipe / refurbished_furniture:constructing/oak_kitchen_sink] removed now.
[00:53:25] [Server thread/ERROR]: Tried to load unrecognized recipe: ResourceKey[minecraft:recipe / refurbished_furniture:constructing/lime_lamp] removed now.
[00:53:25] [Server thread/ERROR]: Tried to load unrecognized recipe: ResourceKey[minecraft:recipe / refurbished_furniture:constructing/mangrove_kitchen_storage_cabinet] removed now.
[00:53:25] [Server thread/ERROR]: Tried to load unrecognized recipe: ResourceKey[minecraft:recipe / refurbished_furniture:constructing/warped_storage_cabinet] removed now.
[00:53:25] [Server thread/ERROR]: Tried to load unrecognized recipe: ResourceKey[minecraft:recipe / refurbished_furniture:constructing/pale_oak_storage_cabinet] removed now.
[00:53:25] [Server thread/ERROR]: Tried to load unrecognized recipe: ResourceKey[minecraft:recipe / refurbished_furniture:constructing/lime_sofa] removed now.
[00:53:25] [Server thread/ERROR]: Tried to load unrecognized recipe: ResourceKey[minecraft:recipe / refurbished_furniture:constructing/crimson_lattice_fence] removed now.
[00:53:25] [Server thread/ERROR]: Tried to load unrecognized recipe: ResourceKey[minecraft:recipe / refurbished_furniture:constructing/crimson_dark_ceiling_fan] removed now.
[00:53:25] [Server thread/ERROR]: Tried to load unrecognized recipe: ResourceKey[minecraft:recipe / refurbished_furniture:constructing/brown_sofa] removed now.
[00:53:25] [Server thread/ERROR]: Tried to load unrecognized recipe: ResourceKey[minecraft:recipe / refurbished_furniture:constructing/jungle_kitchen_sink] removed now.
[00:53:25] [Server thread/ERROR]: Tried to load unrecognized recipe: ResourceKey[minecraft:recipe / refurbished_furniture:constructing/orange_cooler] removed now.
[00:53:25] [Server thread/ERROR]: Tried to load unrecognized recipe: ResourceKey[minecraft:recipe / refurbished_furniture:constructing/warped_storage_jar] removed now.
[00:53:25] [Server thread/ERROR]: Tried to load unrecognized recipe: ResourceKey[minecraft:recipe / refurbished_furniture:constructing/birch_bath] removed now.
[00:53:25] [Server thread/ERROR]: Tried to load unrecognized recipe: ResourceKey[minecraft:recipe / refurbished_furniture:constructing/television] removed now.
[00:53:25] [Server thread/ERROR]: Tried to load unrecognized recipe: ResourceKey[minecraft:recipe / refurbished_furniture:constructing/spruce_kitchen_cabinetry] removed now.
[00:53:25] [Server thread/ERROR]: Tried to load unrecognized recipe: ResourceKey[minecraft:recipe / immersive_armors:wooden_boots] removed now.
[00:53:25] [Server thread/ERROR]: Tried to load unrecognized recipe: ResourceKey[minecraft:recipe / refurbished_furniture:constructing/light_blue_grill] removed now.
[00:53:25] [Server thread/ERROR]: Tried to load unrecognized recipe: ResourceKey[minecraft:recipe / refurbished_furniture:constructing/cherry_light_ceiling_fan] removed now.
[00:53:25] [Server thread/ERROR]: Tried to load unrecognized recipe: ResourceKey[minecraft:recipe / refurbished_furniture:constructing/birch_cutting_board] removed now.
[00:53:25] [Server thread/ERROR]: Tried to load unrecognized recipe: ResourceKey[minecraft:recipe / refurbished_furniture:constructing/acacia_lattice_fence_gate] removed now.
[00:53:25] [Server thread/ERROR]: Tried to load unrecognized recipe: ResourceKey[minecraft:recipe / refurbished_furniture:constructing/brown_cooler] removed now.
[00:53:25] [Server thread/ERROR]: Tried to load unrecognized recipe: ResourceKey[minecraft:recipe / minecraft:chiseled_cinnabar_from_cinnabar_stonecutting] removed now.
[00:53:25] [Server thread/ERROR]: Tried to load unrecognized recipe: ResourceKey[minecraft:recipe / refurbished_furniture:constructing/cherry_basin] removed now.
[00:53:25] [Server thread/ERROR]: Tried to load unrecognized recipe: ResourceKey[minecraft:recipe / refurbished_furniture:constructing/light_range_hood] removed now.
[00:53:25] [Server thread/ERROR]: Tried to load unrecognized recipe: ResourceKey[minecraft:recipe / minecraft:chiseled_sulfur_from_sulfur_stonecutting] removed now.
[00:53:25] [Server thread/ERROR]: Tried to load unrecognized recipe: ResourceKey[minecraft:recipe / minecraft:sulfur_brick_stairs_from_sulfur_stonecutting] removed now.
[00:53:25] [Server thread/ERROR]: Tried to load unrecognized recipe: ResourceKey[minecraft:recipe / refurbished_furniture:constructing/mangrove_kitchen_drawer] removed now.
[00:53:25] [Server thread/ERROR]: Tried to load unrecognized recipe: ResourceKey[minecraft:recipe / refurbished_furniture:constructing/dark_oak_bath] removed now.
[00:53:25] [Server thread/ERROR]: Tried to load unrecognized recipe: ResourceKey[minecraft:recipe / refurbished_furniture:constructing/white_toilet] removed now.
[00:53:25] [Server thread/ERROR]: Tried to load unrecognized recipe: ResourceKey[minecraft:recipe / refurbished_furniture:constructing/mangrove_basin] removed now.
[00:53:25] [Server thread/ERROR]: Tried to load unrecognized recipe: ResourceKey[minecraft:recipe / refurbished_furniture:constructing/dark_oak_storage_cabinet] removed now.
[00:53:25] [Server thread/ERROR]: Tried to load unrecognized recipe: ResourceKey[minecraft:recipe / refurbished_furniture:constructing/dark_ceiling_light] removed now.
[00:53:25] [Server thread/ERROR]: Tried to load unrecognized recipe: ResourceKey[minecraft:recipe / refurbished_furniture:constructing/acacia_storage_cabinet] removed now.
[00:53:25] [Server thread/ERROR]: Tried to load unrecognized recipe: ResourceKey[minecraft:recipe / refurbished_furniture:constructing/spruce_storage_jar] removed now.
[00:53:25] [Server thread/ERROR]: Tried to load unrecognized recipe: ResourceKey[minecraft:recipe / refurbished_furniture:constructing/pink_lamp] removed now.
[00:53:25] [Server thread/ERROR]: Tried to load unrecognized recipe: ResourceKey[minecraft:recipe / refurbished_furniture:constructing/crimson_light_ceiling_fan] removed now.
[00:53:25] [Server thread/ERROR]: Tried to load unrecognized recipe: ResourceKey[minecraft:recipe / refurbished_furniture:constructing/warped_light_ceiling_fan] removed now.
[00:53:25] [Server thread/ERROR]: Tried to load unrecognized recipe: ResourceKey[minecraft:recipe / refurbished_furniture:white_stool_from_dyeing] removed now.
[00:53:25] [Server thread/ERROR]: Tried to load unrecognized recipe: ResourceKey[minecraft:recipe / refurbished_furniture:constructing/dark_oak_lattice_fence] removed now.
[00:53:25] [Server thread/ERROR]: Tried to load unrecognized recipe: ResourceKey[minecraft:recipe / refurbished_furniture:constructing/warped_lattice_fence_gate] removed now.
[00:53:25] [Server thread/ERROR]: Tried to load unrecognized recipe: ResourceKey[minecraft:recipe / refurbished_furniture:constructing/warped_kitchen_cabinetry] removed now.
[00:53:25] [Server thread/ERROR]: Tried to load unrecognized recipe: ResourceKey[minecraft:recipe / refurbished_furniture:constructing/dark_microwave] removed now.
[00:53:25] [Server thread/ERROR]: Tried to load unrecognized recipe: ResourceKey[minecraft:recipe / refurbished_furniture:slicing/red_dye_from_sweet_berries] removed now.
[00:53:25] [Server thread/ERROR]: Tried to load unrecognized recipe: ResourceKey[minecraft:recipe / refurbished_furniture:constructing/dark_stove] removed now.
[00:53:25] [Server thread/ERROR]: Tried to load unrecognized recipe: ResourceKey[minecraft:recipe / refurbished_furniture:constructing/white_cooler] removed now.
[00:53:25] [Server thread/ERROR]: Tried to load unrecognized recipe: ResourceKey[minecraft:recipe / refurbished_furniture:black_kitchen_storage_cabinet_from_dyeing] removed now.
[00:53:25] [Server thread/ERROR]: Tried to load unrecognized recipe: ResourceKey[minecraft:recipe / refurbished_furniture:slicing/bone_meal_from_bone] removed now.
[00:53:25] [Server thread/ERROR]: Tried to load unrecognized recipe: ResourceKey[minecraft:recipe / refurbished_furniture:constructing/black_kitchen_drawer] removed now.
[00:53:25] [Server thread/ERROR]: Tried to load unrecognized recipe: ResourceKey[minecraft:recipe / refurbished_furniture:constructing/spruce_light_ceiling_fan] removed now.
[00:53:25] [Server thread/ERROR]: Tried to load unrecognized recipe: ResourceKey[minecraft:recipe / refurbished_furniture:constructing/dark_oak_basin] removed now.
[00:53:25] [Server thread/ERROR]: Tried to load unrecognized recipe: ResourceKey[minecraft:recipe / immersive_armors:heavy_leggings] removed now.
[00:53:25] [Server thread/ERROR]: Tried to load unrecognized recipe: ResourceKey[minecraft:recipe / refurbished_furniture:constructing/dark_oak_dark_ceiling_fan] removed now.
[00:53:25] [Server thread/ERROR]: Tried to load unrecognized recipe: ResourceKey[minecraft:recipe / refurbished_furniture:constructing/light_blue_trampoline] removed now.
[00:53:25] [Server thread/ERROR]: Tried to load unrecognized recipe: ResourceKey[minecraft:recipe / refurbished_furniture:white_kitchen_sink_from_dyeing] removed now.
[00:53:25] [Server thread/ERROR]: Tried to load unrecognized recipe: ResourceKey[minecraft:recipe / refurbished_furniture:constructing/blue_trampoline] removed now.
[00:53:25] [Server thread/ERROR]: Tried to load unrecognized recipe: ResourceKey[minecraft:recipe / refurbished_furniture:constructing/red_stool] removed now.
[00:53:25] [Server thread/ERROR]: Tried to load unrecognized recipe: ResourceKey[minecraft:recipe / refurbished_furniture:constructing/acacia_chair] removed now.
[00:53:25] [Server thread/ERROR]: Tried to load unrecognized recipe: ResourceKey[minecraft:recipe / refurbished_furniture:constructing/spruce_kitchen_storage_cabinet] removed now.
[00:53:25] [Server thread/ERROR]: Tried to load unrecognized recipe: ResourceKey[minecraft:recipe / refurbished_furniture:constructing/oak_dark_ceiling_fan] removed now.
[00:53:25] [Server thread/ERROR]: Tried to load unrecognized recipe: ResourceKey[minecraft:recipe / minecraft:polished_cinnabar_wall_from_cinnabar_stonecutting] removed now.
[00:53:25] [Server thread/ERROR]: Tried to load unrecognized recipe: ResourceKey[minecraft:recipe / refurbished_furniture:constructing/dark_oak_light_ceiling_fan] removed now.
[00:53:25] [Server thread/ERROR]: Tried to load unrecognized recipe: ResourceKey[minecraft:recipe / refurbished_furniture:constructing/gray_trampoline] removed now.
[00:53:25] [Server thread/ERROR]: Tried to load unrecognized recipe: ResourceKey[minecraft:recipe / refurbished_furniture:black_kitchen_sink_from_dyeing] removed now.
[00:53:25] [Server thread/ERROR]: Tried to load unrecognized recipe: ResourceKey[minecraft:recipe / minecraft:sulfur_slab_from_sulfur_stonecutting] removed now.
[00:53:25] [Server thread/ERROR]: Tried to load unrecognized recipe: ResourceKey[minecraft:recipe / refurbished_furniture:constructing/magenta_cooler] removed now.
[00:53:25] [Server thread/ERROR]: Tried to load unrecognized recipe: ResourceKey[minecraft:recipe / refurbished_furniture:constructing/cyan_lamp] removed now.
[00:53:25] [Server thread/ERROR]: Tried to load unrecognized recipe: ResourceKey[minecraft:recipe / minecraft:polished_sulfur_wall_from_sulfur_stonecutting] removed now.
[00:53:25] [Server thread/ERROR]: Tried to load unrecognized recipe: ResourceKey[minecraft:recipe / refurbished_furniture:red_grill_from_dyeing] removed now.
[00:53:25] [Server thread/ERROR]: Tried to load unrecognized recipe: ResourceKey[minecraft:recipe / refurbished_furniture:oak_dark_ceiling_fan] removed now.
[00:53:25] [Server thread/ERROR]: Tried to load unrecognized recipe: ResourceKey[minecraft:recipe / refurbished_furniture:constructing/dark_fridge] removed now.
[00:53:25] [Server thread/ERROR]: Tried to load unrecognized recipe: ResourceKey[minecraft:recipe / immersive_armors:heavy_chestplate] removed now.
[00:53:25] [Server thread/ERROR]: Tried to load unrecognized recipe: ResourceKey[minecraft:recipe / refurbished_furniture:constructing/pink_trampoline] removed now.
[00:53:25] [Server thread/ERROR]: Tried to load unrecognized recipe: ResourceKey[minecraft:recipe / refurbished_furniture:constructing/light_gray_lamp] removed now.
[00:53:25] [Server thread/ERROR]: Tried to load unrecognized recipe: ResourceKey[minecraft:recipe / refurbished_furniture:constructing/lime_cooler] removed now.
[00:53:25] [Server thread/ERROR]: Tried to load unrecognized recipe: ResourceKey[minecraft:recipe / refurbished_furniture:red_trampoline_from_dyeing] removed now.
[00:53:25] [Server thread/ERROR]: Tried to load unrecognized recipe: ResourceKey[minecraft:recipe / refurbished_furniture:slicing/orange_dye_from_glow_berries] removed now.
[00:53:25] [Server thread/ERROR]: Tried to load unrecognized recipe: ResourceKey[minecraft:recipe / refurbished_furniture:constructing/purple_trampoline] removed now.
[00:53:25] [Server thread/ERROR]: Tried to load unrecognized recipe: ResourceKey[minecraft:recipe / refurbished_furniture:constructing/pale_oak_light_ceiling_fan] removed now.
[00:53:25] [Server thread/ERROR]: Tried to load unrecognized recipe: ResourceKey[minecraft:recipe / refurbished_furniture:constructing/birch_chair] removed now.
[00:53:25] [Server thread/ERROR]: Tried to load unrecognized recipe: ResourceKey[minecraft:recipe / dm:turret_remover] removed now.
[00:53:25] [Server thread/ERROR]: Tried to load unrecognized recipe: ResourceKey[minecraft:recipe / refurbished_furniture:constructing/blue_cooler] removed now.
[00:53:25] [Server thread/ERROR]: Tried to load unrecognized recipe: ResourceKey[minecraft:recipe / refurbished_furniture:constructing/red_kitchen_sink] removed now.
[00:53:25] [Server thread/ERROR]: Tried to load unrecognized recipe: ResourceKey[minecraft:recipe / minecraft:cinnabar_slab_from_cinnabar_stonecutting] removed now.
[00:53:25] [Server thread/ERROR]: Tried to load unrecognized recipe: ResourceKey[minecraft:recipe / refurbished_furniture:constructing/red_bath] removed now.
[00:53:25] [Server thread/ERROR]: Tried to load unrecognized recipe: ResourceKey[minecraft:recipe / refurbished_furniture:constructing/orange_lamp] removed now.
[00:53:25] [Server thread/ERROR]: Tried to load unrecognized recipe: ResourceKey[minecraft:recipe / refurbished_furniture:constructing/red_kitchen_drawer] removed now.
[00:53:25] [Server thread/ERROR]: Tried to load unrecognized recipe: ResourceKey[minecraft:recipe / refurbished_furniture:constructing/mangrove_light_ceiling_fan] removed now.
[00:53:25] [Server thread/ERROR]: Tried to load unrecognized recipe: ResourceKey[minecraft:recipe / refurbished_furniture:constructing/cherry_kitchen_sink] removed now.
[00:53:25] [Server thread/ERROR]: Tried to load unrecognized recipe: ResourceKey[minecraft:recipe / minecraft:sulfur_stairs_from_sulfur_stonecutting] removed now.
[00:53:25] [Server thread/ERROR]: Tried to load unrecognized recipe: ResourceKey[minecraft:recipe / refurbished_furniture:constructing/jungle_storage_jar] removed now.
[00:53:25] [Server thread/ERROR]: Tried to load unrecognized recipe: ResourceKey[minecraft:recipe / refurbished_furniture:white_toilet] removed now.
[00:53:25] [Server thread/ERROR]: Tried to load unrecognized recipe: ResourceKey[minecraft:recipe / refurbished_furniture:constructing/yellow_stool] removed now.
[00:53:25] [Server thread/ERROR]: Tried to load unrecognized recipe: ResourceKey[minecraft:recipe / refurbished_furniture:constructing/pale_oak_storage_jar] removed now.
[00:53:25] [Server thread/ERROR]: Tried to load unrecognized recipe: ResourceKey[minecraft:recipe / refurbished_furniture:constructing/green_trampoline] removed now.
[00:53:25] [Server thread/ERROR]: Tried to load unrecognized recipe: ResourceKey[minecraft:recipe / refurbished_furniture:constructing/pale_oak_toilet] removed now.
[00:53:25] [Server thread/ERROR]: Tried to load unrecognized recipe: ResourceKey[minecraft:recipe / immersive_armors:robe_helmet] removed now.
[00:53:25] [Server thread/ERROR]: Tried to load unrecognized recipe: ResourceKey[minecraft:recipe / immersive_armors:heavy_boots] removed now.
[00:53:25] [Server thread/ERROR]: Tried to load unrecognized recipe: ResourceKey[minecraft:recipe / refurbished_furniture:constructing/jungle_basin] removed now.
[00:53:25] [Server thread/ERROR]: Tried to load unrecognized recipe: ResourceKey[minecraft:recipe / immersive_armors:warrior_leggings] removed now.
[00:53:25] [Server thread/ERROR]: Tried to load unrecognized recipe: ResourceKey[minecraft:recipe / refurbished_furniture:constructing/jungle_bath] removed now.
[00:53:25] [Server thread/ERROR]: Tried to load unrecognized recipe: ResourceKey[minecraft:recipe / refurbished_furniture:constructing/magenta_sofa] removed now.
[00:53:25] [Server thread/ERROR]: Tried to load unrecognized recipe: ResourceKey[minecraft:recipe / refurbished_furniture:constructing/birch_dark_ceiling_fan] removed now.
[00:53:25] [Server thread/ERROR]: Tried to load unrecognized recipe: ResourceKey[minecraft:recipe / refurbished_furniture:white_sofa_from_dyeing] removed now.
[00:53:25] [Server thread/ERROR]: Tried to load unrecognized recipe: ResourceKey[minecraft:recipe / refurbished_furniture:constructing/purple_cooler] removed now.
[00:53:25] [Server thread/ERROR]: Tried to load unrecognized recipe: ResourceKey[minecraft:recipe / refurbished_furniture:constructing/cherry_kitchen_drawer] removed now.
[00:53:25] [Server thread/ERROR]: Tried to load unrecognized recipe: ResourceKey[minecraft:recipe / refurbished_furniture:constructing/gray_sofa] removed now.
[00:53:25] [Server thread/ERROR]: Tried to load unrecognized recipe: ResourceKey[minecraft:recipe / refurbished_furniture:constructing/light_blue_stool] removed now.
[00:53:25] [Server thread/ERROR]: Tried to load unrecognized recipe: ResourceKey[minecraft:recipe / refurbished_furniture:constructing/crimson_storage_cabinet] removed now.
[00:53:25] [Server thread/ERROR]: Tried to load unrecognized recipe: ResourceKey[minecraft:recipe / refurbished_furniture:constructing/spruce_storage_cabinet] removed now.
[00:53:25] [Server thread/ERROR]: Tried to load unrecognized recipe: ResourceKey[minecraft:recipe / refurbished_furniture:constructing/brown_lamp] removed now.
[00:53:25] [Server thread/ERROR]: Tried to load unrecognized recipe: ResourceKey[minecraft:recipe / refurbished_furniture:red_toilet] removed now.
[00:53:25] [Server thread/ERROR]: Tried to load unrecognized recipe: ResourceKey[minecraft:recipe / refurbished_furniture:constructing/white_lamp] removed now.
[00:53:25] [Server thread/ERROR]: Tried to load unrecognized recipe: ResourceKey[minecraft:recipe / refurbished_furniture:constructing/acacia_basin] removed now.
[00:53:25] [Server thread/ERROR]: Tried to load unrecognized recipe: ResourceKey[minecraft:recipe / refurbished_furniture:constructing/white_kitchen_sink] removed now.
[00:53:25] [Server thread/ERROR]: Tried to load unrecognized recipe: ResourceKey[minecraft:recipe / immersive_armors:warrior_helmet] removed now.
[00:53:25] [Server thread/ERROR]: Tried to load unrecognized recipe: ResourceKey[minecraft:recipe / refurbished_furniture:constructing/yellow_grill] removed now.
[00:53:25] [Server thread/ERROR]: Tried to load unrecognized recipe: ResourceKey[minecraft:recipe / refurbished_furniture:constructing/light_microwave] removed now.
[00:53:25] [Server thread/ERROR]: Tried to load unrecognized recipe: ResourceKey[minecraft:recipe / refurbished_furniture:constructing/black_grill] removed now.
[00:53:25] [Server thread/ERROR]: Tried to load unrecognized recipe: ResourceKey[minecraft:recipe / refurbished_furniture:constructing/white_trampoline] removed now.
[00:53:25] [Server thread/ERROR]: Tried to load unrecognized recipe: ResourceKey[minecraft:recipe / refurbished_furniture:constructing/birch_kitchen_drawer] removed now.
[00:53:25] [Server thread/ERROR]: Tried to load unrecognized recipe: ResourceKey[minecraft:recipe / refurbished_furniture:constructing/spruce_cutting_board] removed now.
[00:53:25] [Server thread/ERROR]: Tried to load unrecognized recipe: ResourceKey[minecraft:recipe / minecraft:polished_sulfur_slab_from_sulfur_stonecutting] removed now.
[00:53:25] [Server thread/ERROR]: Tried to load unrecognized recipe: ResourceKey[minecraft:recipe / refurbished_furniture:constructing/orange_trampoline] removed now.
[00:53:25] [Server thread/ERROR]: Tried to load unrecognized recipe: ResourceKey[minecraft:recipe / refurbished_furniture:constructing/cherry_lattice_fence] removed now.
[00:53:25] [Server thread/ERROR]: Tried to load unrecognized recipe: ResourceKey[minecraft:recipe / refurbished_furniture:constructing/birch_storage_jar] removed now.
[00:53:25] [Server thread/ERROR]: Tried to load unrecognized recipe: ResourceKey[minecraft:recipe / refurbished_furniture:constructing/pale_oak_lattice_fence] removed now.
[00:53:25] [Server thread/ERROR]: Tried to load unrecognized recipe: ResourceKey[minecraft:recipe / refurbished_furniture:constructing/acacia_table] removed now.
[00:53:25] [Server thread/ERROR]: Tried to load unrecognized recipe: ResourceKey[minecraft:recipe / refurbished_furniture:white_kitchen_drawer_from_dyeing] removed now.
[00:53:25] [Server thread/ERROR]: Tried to load unrecognized recipe: ResourceKey[minecraft:recipe / refurbished_furniture:constructing/pale_oak_dark_ceiling_fan] removed now.
[00:53:25] [Server thread/ERROR]: Tried to load unrecognized recipe: ResourceKey[minecraft:recipe / refurbished_furniture:constructing/acacia_cutting_board] removed now.
[00:53:25] [Server thread/ERROR]: Tried to load unrecognized recipe: ResourceKey[minecraft:recipe / refurbished_furniture:constructing/pink_sofa] removed now.
[00:53:25] [Server thread/ERROR]: Tried to load unrecognized recipe: ResourceKey[minecraft:recipe / minecraft:polished_cinnabar_stairs_from_cinnabar_stonecutting] removed now.
[00:53:25] [Server thread/ERROR]: Tried to load unrecognized recipe: ResourceKey[minecraft:recipe / refurbished_furniture:constructing/light_blue_cooler] removed now.
[00:53:25] [Server thread/ERROR]: Tried to load unrecognized recipe: ResourceKey[minecraft:recipe / refurbished_furniture:constructing/orange_sofa] removed now.
[00:53:25] [Server thread/ERROR]: Tried to load unrecognized recipe: ResourceKey[minecraft:recipe / refurbished_furniture:constructing/mangrove_kitchen_cabinetry] removed now.
[00:53:25] [Server thread/ERROR]: Tried to load unrecognized recipe: ResourceKey[minecraft:recipe / refurbished_furniture:constructing/pink_stool] removed now.
[00:53:25] [Server thread/ERROR]: Tried to load unrecognized recipe: ResourceKey[minecraft:recipe / refurbished_furniture:constructing/warped_toilet] removed now.
[00:53:25] [Server thread/ERROR]: Tried to load unrecognized recipe: ResourceKey[minecraft:recipe / refurbished_furniture:constructing/crimson_kitchen_storage_cabinet] removed now.
[00:53:25] [Server thread/ERROR]: Tried to load unrecognized recipe: ResourceKey[minecraft:recipe / refurbished_furniture:constructing/dark_toaster] removed now.
[00:53:25] [Server thread/ERROR]: Tried to load unrecognized recipe: ResourceKey[minecraft:recipe / refurbished_furniture:constructing/black_kitchen_cabinetry] removed now.
[00:53:25] [Server thread/ERROR]: Tried to load unrecognized recipe: ResourceKey[minecraft:recipe / refurbished_furniture:constructing/black_lamp] removed now.
[00:53:25] [Server thread/ERROR]: Tried to load unrecognized recipe: ResourceKey[minecraft:recipe / refurbished_furniture:constructing/jungle_lattice_fence_gate] removed now.
[00:53:25] [Server thread/ERROR]: Tried to load unrecognized recipe: ResourceKey[minecraft:recipe / refurbished_furniture:constructing/cherry_lattice_fence_gate] removed now.
[00:53:25] [Server thread/ERROR]: Tried to load unrecognized recipe: ResourceKey[minecraft:recipe / immersive_armors:wooden_helmet] removed now.
[00:53:25] [Server thread/ERROR]: Tried to load unrecognized recipe: ResourceKey[minecraft:recipe / dm:cannon_turret/unfinished_cannon_head] removed now.
[00:53:25] [Server thread/ERROR]: Tried to load unrecognized recipe: ResourceKey[minecraft:recipe / refurbished_furniture:constructing/birch_lattice_fence_gate] removed now.
[00:53:25] [Server thread/ERROR]: Tried to load unrecognized recipe: ResourceKey[minecraft:recipe / refurbished_furniture:constructing/spruce_bath] removed now.
[00:53:25] [Server thread/ERROR]: Tried to load unrecognized recipe: ResourceKey[minecraft:recipe / refurbished_furniture:constructing/white_kitchen_storage_cabinet] removed now.
[00:53:25] [Server thread/ERROR]: Tried to load unrecognized recipe: ResourceKey[minecraft:recipe / refurbished_furniture:constructing/black_stool] removed now.
[00:53:25] [Server thread/ERROR]: Tried to load unrecognized recipe: ResourceKey[minecraft:recipe / refurbished_furniture:constructing/birch_basin] removed now.
[00:53:25] [Server thread/ERROR]: Tried to load unrecognized recipe: ResourceKey[minecraft:recipe / refurbished_furniture:constructing/pale_oak_bath] removed now.
[00:53:25] [Server thread/ERROR]: Tried to load unrecognized recipe: ResourceKey[minecraft:recipe / refurbished_furniture:constructing/green_lamp] removed now.
[00:53:25] [Server thread/ERROR]: Tried to load unrecognized recipe: ResourceKey[minecraft:recipe / refurbished_furniture:constructing/black_trampoline] removed now.
[00:53:25] [Server thread/ERROR]: Tried to load unrecognized recipe: ResourceKey[minecraft:recipe / refurbished_furniture:constructing/black_cooler] removed now.
[00:53:25] [Server thread/ERROR]: Tried to load unrecognized recipe: ResourceKey[minecraft:recipe / refurbished_furniture:constructing/dark_oak_lattice_fence_gate] removed now.
[00:53:25] [Server thread/ERROR]: Tried to load unrecognized recipe: ResourceKey[minecraft:recipe / minecraft:cinnabar_bricks_from_cinnabar_stonecutting] removed now.
[00:53:25] [Server thread/ERROR]: Tried to load unrecognized recipe: ResourceKey[minecraft:recipe / refurbished_furniture:constructing/birch_kitchen_storage_cabinet] removed now.
[00:53:25] [Server thread/ERROR]: Tried to load unrecognized recipe: ResourceKey[minecraft:recipe / refurbished_furniture:constructing/jungle_storage_cabinet] removed now.
[00:53:25] [Server thread/ERROR]: Tried to load unrecognized recipe: ResourceKey[minecraft:recipe / refurbished_furniture:constructing/mangrove_storage_cabinet] removed now.
[00:53:25] [Server thread/ERROR]: Tried to load unrecognized recipe: ResourceKey[minecraft:recipe / refurbished_furniture:constructing/white_basin] removed now.
[00:53:25] [Server thread/ERROR]: Tried to load unrecognized recipe: ResourceKey[minecraft:recipe / immersive_armors:robe_boots] removed now.
[00:53:25] [Server thread/ERROR]: Tried to load unrecognized recipe: ResourceKey[minecraft:recipe / refurbished_furniture:constructing/door_mat] removed now.
[00:53:25] [Server thread/ERROR]: Tried to load unrecognized recipe: ResourceKey[minecraft:recipe / refurbished_furniture:constructing/pale_oak_kitchen_drawer] removed now.
[00:53:25] [Server thread/ERROR]: Tried to load unrecognized recipe: ResourceKey[minecraft:recipe / refurbished_furniture:constructing/cherry_bath] removed now.
[00:53:25] [Server thread/ERROR]: Tried to load unrecognized recipe: ResourceKey[minecraft:recipe / refurbished_furniture:black_sofa_from_dyeing] removed now.
[00:53:25] [Server thread/ERROR]: Tried to load unrecognized recipe: ResourceKey[minecraft:recipe / refurbished_furniture:constructing/black_basin] removed now.
[00:53:25] [Server thread/ERROR]: Tried to load unrecognized recipe: ResourceKey[minecraft:recipe / refurbished_furniture:constructing/cyan_sofa] removed now.
[00:53:25] [Server thread/ERROR]: Tried to load unrecognized recipe: ResourceKey[minecraft:recipe / refurbished_furniture:constructing/spruce_lattice_fence] removed now.
[00:53:25] [Server thread/ERROR]: Tried to load unrecognized recipe: ResourceKey[minecraft:recipe / refurbished_furniture:red_kitchen_cabinetry_from_dyeing] removed now.
[00:53:25] [Server thread/ERROR]: Tried to load unrecognized recipe: ResourceKey[minecraft:recipe / refurbished_furniture:constructing/red_lamp] removed now.
[00:53:25] [Server thread/ERROR]: Tried to load unrecognized recipe: ResourceKey[minecraft:recipe / refurbished_furniture:constructing/dark_lightswitch] removed now.
[00:53:25] [Server thread/ERROR]: Tried to load unrecognized recipe: ResourceKey[minecraft:recipe / refurbished_furniture:constructing/oak_kitchen_storage_cabinet] removed now.
[00:53:25] [Server thread/ERROR]: Tried to load unrecognized recipe: ResourceKey[minecraft:recipe / refurbished_furniture:constructing/light_gray_stool] removed now.
[00:53:25] [Server thread/ERROR]: Tried to load unrecognized recipe: ResourceKey[minecraft:recipe / minecraft:polished_sulfur_stairs_from_sulfur_stonecutting] removed now.
[00:53:25] [Server thread/ERROR]: Tried to load unrecognized recipe: ResourceKey[minecraft:recipe / refurbished_furniture:constructing/mangrove_dark_ceiling_fan] removed now.
[00:53:25] [Server thread/ERROR]: Tried to load unrecognized recipe: ResourceKey[minecraft:recipe / refurbished_furniture:constructing/oak_lattice_fence] removed now.
[00:53:25] [Server thread/ERROR]: Tried to load unrecognized recipe: ResourceKey[minecraft:recipe / refurbished_furniture:constructing/computer] removed now.
[00:53:25] [Server thread/ERROR]: Tried to load unrecognized recipe: ResourceKey[minecraft:recipe / refurbished_furniture:constructing/white_kitchen_drawer] removed now.
[00:53:25] [Server thread/ERROR]: Tried to load unrecognized recipe: ResourceKey[minecraft:recipe / refurbished_furniture:constructing/mangrove_toilet] removed now.
[00:53:25] [Server thread/ERROR]: Tried to load unrecognized recipe: ResourceKey[minecraft:recipe / refurbished_furniture:constructing/light_stove] removed now.
[00:53:25] [Server thread/ERROR]: Tried to load unrecognized recipe: ResourceKey[minecraft:recipe / refurbished_furniture:constructing/gray_stool] removed now.
[00:53:25] [Server thread/ERROR]: Tried to load unrecognized recipe: ResourceKey[minecraft:recipe / refurbished_furniture:constructing/blue_sofa] removed now.
[00:53:25] [Server thread/ERROR]: Tried to load unrecognized recipe: ResourceKey[minecraft:recipe / refurbished_furniture:constructing/recycle_bin] removed now.
[00:53:25] [Server thread/ERROR]: Tried to load unrecognized recipe: ResourceKey[minecraft:recipe / refurbished_furniture:constructing/cherry_kitchen_storage_cabinet] removed now.
[00:53:25] [Server thread/ERROR]: Tried to load unrecognized recipe: ResourceKey[minecraft:recipe / refurbished_furniture:constructing/oak_basin] removed now.
[00:53:25] [Server thread/ERROR]: Tried to load unrecognized recipe: ResourceKey[minecraft:recipe / refurbished_furniture:constructing/blue_stool] removed now.
[00:53:25] [Server thread/ERROR]: Tried to load unrecognized recipe: ResourceKey[minecraft:recipe / refurbished_furniture:constructing/light_lightswitch] removed now.
[00:53:25] [Server thread/ERROR]: Tried to load unrecognized recipe: ResourceKey[minecraft:recipe / refurbished_furniture:constructing/light_gray_sofa] removed now.
[00:53:25] [Server thread/ERROR]: Tried to load unrecognized recipe: ResourceKey[minecraft:recipe / refurbished_furniture:constructing/magenta_stool] removed now.
[00:53:25] [Server thread/ERROR]: Tried to load unrecognized recipe: ResourceKey[minecraft:recipe / refurbished_furniture:constructing/dark_oak_kitchen_sink] removed now.
[00:53:25] [Server thread/ERROR]: Tried to load unrecognized recipe: ResourceKey[minecraft:recipe / refurbished_furniture:constructing/magenta_grill] removed now.
[00:53:25] [Server thread/ERROR]: Tried to load unrecognized recipe: ResourceKey[minecraft:recipe / refurbished_furniture:constructing/crimson_kitchen_cabinetry] removed now.
[00:53:25] [Server thread/ERROR]: Tried to load unrecognized recipe: ResourceKey[minecraft:recipe / refurbished_furniture:constructing/crimson_basin] removed now.
[00:53:25] [Server thread/ERROR]: Tried to load unrecognized recipe: ResourceKey[minecraft:recipe / refurbished_furniture:constructing/dark_oak_storage_jar] removed now.
[00:53:25] [Server thread/ERROR]: Tried to load unrecognized recipe: ResourceKey[minecraft:recipe / immersive_armors:steampunk_helmet] removed now.
[00:53:25] [Server thread/ERROR]: Tried to load unrecognized recipe: ResourceKey[minecraft:recipe / refurbished_furniture:constructing/jungle_lattice_fence] removed now.
[00:53:25] [Server thread/ERROR]: Tried to load unrecognized recipe: ResourceKey[minecraft:recipe / refurbished_furniture:constructing/jungle_light_ceiling_fan] removed now.
[00:53:25] [Server thread/ERROR]: Tried to load unrecognized recipe: ResourceKey[minecraft:recipe / refurbished_furniture:constructing/light_gray_trampoline] removed now.
[00:53:25] [Server thread/ERROR]: Tried to load unrecognized recipe: ResourceKey[minecraft:recipe / refurbished_furniture:constructing/mangrove_lattice_fence] removed now.
[00:53:25] [Server thread/ERROR]: Tried to load unrecognized recipe: ResourceKey[minecraft:recipe / refurbished_furniture:constructing/lime_grill] removed now.
[00:53:25] [Server thread/ERROR]: Tried to load unrecognized recipe: ResourceKey[minecraft:recipe / refurbished_furniture:white_grill_from_dyeing] removed now.
[00:53:25] [Server thread/ERROR]: Tried to load unrecognized recipe: ResourceKey[minecraft:recipe / refurbished_furniture:constructing/birch_kitchen_cabinetry] removed now.
[00:53:25] [Server thread/ERROR]: Tried to load unrecognized recipe: ResourceKey[minecraft:recipe / minecraft:cinnabar_brick_stairs_from_cinnabar_stonecutting] removed now.
[00:53:25] [Server thread/ERROR]: Tried to load unrecognized recipe: ResourceKey[minecraft:recipe / refurbished_furniture:cheese] removed now.
[00:53:25] [Server thread/ERROR]: Tried to load unrecognized recipe: ResourceKey[minecraft:recipe / minecraft:cinnabar_stairs_from_cinnabar_stonecutting] removed now.
[00:53:25] [Server thread/ERROR]: Tried to load unrecognized recipe: ResourceKey[minecraft:recipe / refurbished_furniture:constructing/post_box] removed now.
[00:53:25] [Server thread/ERROR]: Tried to load unrecognized recipe: ResourceKey[minecraft:recipe / refurbished_furniture:workbench] removed now.
[00:53:25] [Server thread/ERROR]: Tried to load unrecognized recipe: ResourceKey[minecraft:recipe / refurbished_furniture:constructing/acacia_kitchen_cabinetry] removed now.
[00:53:25] [Server thread/ERROR]: Tried to load unrecognized recipe: ResourceKey[minecraft:recipe / refurbished_furniture:constructing/purple_grill] removed now.
[00:53:25] [Server thread/ERROR]: Tried to load unrecognized recipe: ResourceKey[minecraft:recipe / refurbished_furniture:constructing/warped_kitchen_drawer] removed now.
[00:53:25] [Server thread/ERROR]: Tried to load unrecognized recipe: ResourceKey[minecraft:recipe / refurbished_furniture:constructing/red_kitchen_storage_cabinet] removed now.
[00:53:25] [Server thread/ERROR]: Tried to load unrecognized recipe: ResourceKey[minecraft:recipe / minecraft:cinnabar_brick_wall_from_cinnabar_stonecutting] removed now.
[00:53:25] [Server thread/ERROR]: Tried to load unrecognized recipe: ResourceKey[minecraft:recipe / immersive_armors:warrior_boots] removed now.
[00:53:25] [Server thread/ERROR]: Tried to load unrecognized recipe: ResourceKey[minecraft:recipe / refurbished_furniture:constructing/orange_grill] removed now.
[00:53:25] [Server thread/ERROR]: Tried to load unrecognized recipe: ResourceKey[minecraft:recipe / refurbished_furniture:constructing/yellow_sofa] removed now.
[00:53:25] [Server thread/ERROR]: Tried to load unrecognized recipe: ResourceKey[minecraft:recipe / minecraft:polished_sulfur_from_sulfur_stonecutting] removed now.
[00:53:25] [Server thread/ERROR]: Tried to load unrecognized recipe: ResourceKey[minecraft:recipe / refurbished_furniture:black_toilet] removed now.
[00:53:25] [Server thread/ERROR]: Tried to load unrecognized recipe: ResourceKey[minecraft:recipe / refurbished_furniture:constructing/cherry_kitchen_cabinetry] removed now.
[00:53:25] [Server thread/ERROR]: Tried to load unrecognized recipe: ResourceKey[minecraft:recipe / refurbished_furniture:constructing/warped_kitchen_sink] removed now.
[00:53:25] [Server thread/ERROR]: Tried to load unrecognized recipe: ResourceKey[minecraft:recipe / refurbished_furniture:constructing/cyan_stool] removed now.
[00:53:25] [Server thread/ERROR]: Tried to load unrecognized recipe: ResourceKey[minecraft:recipe / refurbished_furniture:red_kitchen_storage_cabinet_from_dyeing] removed now.
[00:53:25] [Server thread/ERROR]: Tried to load unrecognized recipe: ResourceKey[minecraft:recipe / refurbished_furniture:constructing/spruce_toilet] removed now.
[00:53:25] [Server thread/ERROR]: Tried to load unrecognized recipe: ResourceKey[minecraft:recipe / minecraft:polished_cinnabar_from_cinnabar_stonecutting] removed now.
[00:53:25] [Server thread/ERROR]: Tried to load unrecognized recipe: ResourceKey[minecraft:recipe / refurbished_furniture:constructing/jungle_kitchen_cabinetry] removed now.
[00:53:25] [Server thread/ERROR]: Tried to load unrecognized recipe: ResourceKey[minecraft:recipe / refurbished_furniture:red_kitchen_drawer_from_dyeing] removed now.
[00:53:25] [Server thread/ERROR]: Tried to load unrecognized recipe: ResourceKey[minecraft:recipe / refurbished_furniture:black_trampoline_from_dyeing] removed now.
[00:53:25] [Server thread/ERROR]: Tried to load unrecognized recipe: ResourceKey[minecraft:recipe / refurbished_furniture:slicing/string_from_feather] removed now.
[00:53:25] [Server thread/ERROR]: Tried to load unrecognized recipe: ResourceKey[minecraft:recipe / refurbished_furniture:constructing/cherry_dark_ceiling_fan] removed now.
[00:53:25] [Server thread/ERROR]: Tried to load unrecognized recipe: ResourceKey[minecraft:recipe / refurbished_furniture:constructing/cherry_storage_cabinet] removed now.
[00:53:25] [Server thread/ERROR]: Tried to load unrecognized recipe: ResourceKey[minecraft:recipe / refurbished_furniture:constructing/white_bath] removed now.
[00:53:25] [Server thread/ERROR]: Tried to load unrecognized recipe: ResourceKey[minecraft:recipe / immersive_armors:wooden_chestplate] removed now.
[00:53:25] [Server thread/ERROR]: Tried to load unrecognized recipe: ResourceKey[minecraft:recipe / refurbished_furniture:constructing/warped_basin] removed now.
[00:53:25] [Server thread/ERROR]: Tried to load unrecognized recipe: ResourceKey[minecraft:recipe / refurbished_furniture:constructing/cyan_grill] removed now.
[00:53:25] [Server thread/ERROR]: Tried to load unrecognized recipe: ResourceKey[minecraft:recipe / refurbished_furniture:constructing/dark_oak_kitchen_drawer] removed now.
[00:53:25] [Server thread/ERROR]: Tried to load unrecognized recipe: ResourceKey[minecraft:recipe / refurbished_furniture:constructing/cherry_storage_jar] removed now.
[00:53:25] [Server thread/ERROR]: Tried to load unrecognized recipe: ResourceKey[minecraft:recipe / refurbished_furniture:constructing/orange_stool] removed now.
[00:53:25] [Server thread/ERROR]: Tried to load unrecognized recipe: ResourceKey[minecraft:recipe / refurbished_furniture:slicing/red_dye_from_poppy] removed now.
[00:53:25] [Server thread/ERROR]: Tried to load unrecognized recipe: ResourceKey[minecraft:recipe / refurbished_furniture:constructing/acacia_desk] removed now.
[00:53:25] [Server thread/ERROR]: Tried to load unrecognized recipe: ResourceKey[minecraft:recipe / refurbished_furniture:jungle_dark_ceiling_fan] removed now.
[00:53:25] [Server thread/ERROR]: Tried to load unrecognized recipe: ResourceKey[minecraft:recipe / immersive_armors:robe_chestplate] removed now.
[00:53:25] [Server thread/ERROR]: Tried to load unrecognized recipe: ResourceKey[minecraft:recipe / refurbished_furniture:constructing/oak_storage_cabinet] removed now.
[00:53:25] [Server thread/ERROR]: Tried to load unrecognized recipe: ResourceKey[minecraft:recipe / refurbished_furniture:constructing/jungle_dark_ceiling_fan] removed now.
[00:53:25] [Server thread/ERROR]: Tried to load unrecognized recipe: ResourceKey[minecraft:recipe / betaeta:gunpowder] removed now.
[00:53:25] [Server thread/ERROR]: Tried to load unrecognized recipe: ResourceKey[minecraft:recipe / refurbished_furniture:constructing/crimson_kitchen_drawer] removed now.
[00:53:25] [Server thread/ERROR]: Tried to load unrecognized recipe: ResourceKey[minecraft:recipe / minecraft:sulfur_brick_slab_from_sulfur_stonecutting] removed now.
[00:53:25] [Server thread/ERROR]: Tried to load unrecognized recipe: ResourceKey[minecraft:recipe / refurbished_furniture:constructing/crimson_bath] removed now.
[00:53:25] [Server thread/ERROR]: Tried to load unrecognized recipe: ResourceKey[minecraft:recipe / refurbished_furniture:constructing/crimson_kitchen_sink] removed now.
[00:53:25] [Server thread/ERROR]: Tried to load unrecognized recipe: ResourceKey[minecraft:recipe / refurbished_furniture:constructing/mangrove_bath] removed now.
[00:53:25] [Server thread/ERROR]: Tried to load unrecognized recipe: ResourceKey[minecraft:recipe / refurbished_furniture:pale_oak_dark_ceiling_fan] removed now.
[00:53:25] [Server thread/ERROR]: Tried to load unrecognized recipe: ResourceKey[minecraft:recipe / refurbished_furniture:constructing/acacia_drawer] removed now.
[00:53:25] [Server thread/ERROR]: Tried to load unrecognized recipe: ResourceKey[minecraft:recipe / refurbished_furniture:constructing/light_blue_sofa] removed now.
[00:53:25] [Server thread/ERROR]: Tried to load unrecognized recipe: ResourceKey[minecraft:recipe / refurbished_furniture:constructing/lime_stool] removed now.
[00:53:25] [Server thread/ERROR]: Tried to load unrecognized recipe: ResourceKey[minecraft:recipe / refurbished_furniture:constructing/oak_storage_jar] removed now.
[00:53:25] [Server thread/ERROR]: Tried to load unrecognized recipe: ResourceKey[minecraft:recipe / refurbished_furniture:constructing/gray_cooler] removed now.
[00:53:25] [Server thread/ERROR]: Tried to load unrecognized recipe: ResourceKey[minecraft:recipe / refurbished_furniture:constructing/pale_oak_kitchen_storage_cabinet] removed now.
[00:53:25] [Server thread/ERROR]: Tried to load unrecognized recipe: ResourceKey[minecraft:recipe / refurbished_furniture:constructing/spruce_basin] removed now.
[00:53:25] [Server thread/ERROR]: Tried to load unrecognized recipe: ResourceKey[minecraft:recipe / refurbished_furniture:slicing/red_dye_from_spider_eye] removed now.
[00:53:25] [Server thread/ERROR]: Tried to load unrecognized recipe: ResourceKey[minecraft:recipe / immersive_armors:warrior_chestplate] removed now.
[00:53:25] [Server thread/ERROR]: Tried to load unrecognized recipe: ResourceKey[minecraft:recipe / refurbished_furniture:constructing/acacia_kitchen_sink] removed now.
[00:53:25] [Server thread/ERROR]: Tried to load unrecognized recipe: ResourceKey[minecraft:recipe / refurbished_furniture:constructing/purple_lamp] removed now.
[00:53:25] [Server thread/ERROR]: Tried to load unrecognized recipe: ResourceKey[minecraft:recipe / refurbished_furniture:constructing/spruce_kitchen_sink] removed now.
[00:53:25] [Server thread/ERROR]: Tried to load unrecognized recipe: ResourceKey[minecraft:recipe / immersive_armors:bone_helmet] removed now.
[00:53:25] [Server thread/ERROR]: Tried to load unrecognized recipe: ResourceKey[minecraft:recipe / immersive_armors:heavy_helmet] removed now.
[00:53:25] [Server thread/ERROR]: Tried to load unrecognized recipe: ResourceKey[minecraft:recipe / refurbished_furniture:constructing/red_trampoline] removed now.
[00:53:25] [Server thread/ERROR]: Tried to load unrecognized recipe: ResourceKey[minecraft:recipe / refurbished_furniture:constructing/cherry_toilet] removed now.
[00:53:25] [Server thread/ERROR]: Tried to load unrecognized recipe: ResourceKey[minecraft:recipe / refurbished_furniture:red_cooler_from_dyeing] removed now.
[00:53:25] [Server thread/ERROR]: Tried to load unrecognized recipe: ResourceKey[minecraft:recipe / refurbished_furniture:constructing/acacia_mail_box] removed now.
[00:53:25] [Server thread/ERROR]: Tried to load unrecognized recipe: ResourceKey[minecraft:recipe / refurbished_furniture:constructing/light_fridge] removed now.
[00:53:25] [Server thread/ERROR]: Tried to load unrecognized recipe: ResourceKey[minecraft:recipe / refurbished_furniture:red_stool_from_dyeing] removed now.
[00:53:25] [Server thread/ERROR]: Tried to load unrecognized recipe: ResourceKey[minecraft:recipe / refurbished_furniture:constructing/yellow_cooler] removed now.
[00:53:25] [Server thread/ERROR]: Tried to load unrecognized recipe: ResourceKey[minecraft:recipe / minecraft:sulfur_wall_from_sulfur_stonecutting] removed now.
[00:53:25] [Server thread/ERROR]: Tried to load unrecognized recipe: ResourceKey[minecraft:recipe / refurbished_furniture:constructing/acacia_lattice_fence] removed now.
[00:53:25] [Server thread/ERROR]: Tried to load unrecognized recipe: ResourceKey[minecraft:recipe / refurbished_furniture:constructing/black_kitchen_sink] removed now.
[00:53:25] [Server thread/ERROR]: Tried to load unrecognized recipe: ResourceKey[minecraft:recipe / refurbished_furniture:constructing/gray_grill] removed now.
[00:53:25] [Server thread/ERROR]: Tried to load unrecognized recipe: ResourceKey[minecraft:recipe / refurbished_furniture:constructing/dark_oak_kitchen_storage_cabinet] removed now.
[00:53:25] [Server thread/ERROR]: Tried to load unrecognized recipe: ResourceKey[minecraft:recipe / refurbished_furniture:constructing/birch_kitchen_sink] removed now.
[00:53:25] [Server thread/ERROR]: Tried to load unrecognized recipe: ResourceKey[minecraft:recipe / refurbished_furniture:mangrove_dark_ceiling_fan] removed now.
[00:53:25] [Server thread/ERROR]: Tried to load unrecognized recipe: ResourceKey[minecraft:recipe / refurbished_furniture:constructing/birch_lattice_fence] removed now.
[00:53:25] [Server thread/ERROR]: Tried to load unrecognized recipe: ResourceKey[minecraft:recipe / refurbished_furniture:knife] removed now.
[00:53:25] [Server thread/ERROR]: Tried to load unrecognized recipe: ResourceKey[minecraft:recipe / refurbished_furniture:white_kitchen_cabinetry_from_dyeing] removed now.
[00:53:25] [Server thread/ERROR]: Tried to load unrecognized recipe: ResourceKey[minecraft:recipe / refurbished_furniture:constructing/blue_grill] removed now.
[00:53:25] [Server thread/ERROR]: Tried to load unrecognized recipe: ResourceKey[minecraft:recipe / minecraft:cinnabar_wall_from_cinnabar_stonecutting] removed now.
[00:53:25] [Server thread/ERROR]: Tried to load unrecognized recipe: ResourceKey[minecraft:recipe / refurbished_furniture:constructing/green_cooler] removed now.
[00:53:25] [Server thread/ERROR]: Tried to load unrecognized recipe: ResourceKey[minecraft:recipe / minecraft:sulfur_bricks_from_sulfur_stonecutting] removed now.
[00:53:25] [Server thread/ERROR]: Tried to load unrecognized recipe: ResourceKey[minecraft:recipe / refurbished_furniture:constructing/mangrove_storage_jar] removed now.
[00:53:25] [Server thread/ERROR]: Tried to load unrecognized recipe: ResourceKey[minecraft:recipe / refurbished_furniture:constructing/warped_dark_ceiling_fan] removed now.
[00:53:25] [Server thread/INFO]: Taskmanager[/100.73.230.62:56358] logged in with entity id 2635 at (-516.6829925169009, 46.71870583096112, -2803.4636549717598)
[00:53:25] [Server thread/INFO]: Connection closed during protocol change
[00:53:25] [Server thread/INFO]: Awarded 150 jeg recipes to Taskmanager
[00:53:25] [Server thread/INFO]: Taskmanager joined the game
[00:53:25] [Server thread/WARN]: [net.minecraft.server.network.config.PrepareSpawnTask] Serialization errors:
ServerPlayer['Taskmanager'/2635, l='ServerLevel[world]', x=-516.68, y=46.72, z=-2803.46]: Failed to decode value '{Slot:23b,count:64,id:"minecraft:sulfur"}' from field 'Inventory' at index 22': Unknown registry key in ResourceKey[minecraft:root / minecraft:item]: minecraft:sulfur
[00:53:25] [Server thread/INFO]: vldx64 lost connection: Disconnected
[00:53:25] [Server thread/INFO]: vldx64 left the game
[00:53:25] [Server thread/INFO]: Taskmanager lost connection: Disconnected
[00:53:25] [Server thread/INFO]: Taskmanager left the game
[00:53:25] [Server thread/WARN]: Can't keep up! Is the server overloaded? Running 35562ms or 711 ticks behind
[00:53:36] [Server thread/INFO]: vldx64[/100.112.211.87:61238] logged in with entity id 2766 at (9.903436608941776, 76.65887164564312, -2061.26253551664)
[00:53:36] [Server thread/INFO]: Awarded 150 jeg recipes to vldx64
[00:53:36] [Server thread/INFO]: vldx64 joined the game
[00:53:39] [Worker-Main-6/ERROR]: Recoverable errors when loading section [-5, 0, -143]: (Unknown registry key in ResourceKey[minecraft:root / minecraft:block]: minecraft:cinnabar -> using default); (Unknown registry key in ResourceKey[minecraft:root / minecraft:block]: minecraft:sulfur -> using default)
[00:53:39] [Worker-Main-6/ERROR]: Recoverable errors when loading section [-5, 0, -143]: (Unknown registry key in ResourceKey[minecraft:root / minecraft:worldgen/biome]: minecraft:sulfur_caves -> using default)
[00:53:39] [Worker-Main-5/ERROR]: Recoverable errors when loading section [-7, 0, -143]: (Unknown registry key in ResourceKey[minecraft:root / minecraft:block]: minecraft:cinnabar -> using default); (Unknown registry key in ResourceKey[minecraft:root / minecraft:block]: minecraft:sulfur -> using default)
[00:53:39] [Worker-Main-5/ERROR]: Recoverable errors when loading section [-7, 0, -143]: (Unknown registry key in ResourceKey[minecraft:root / minecraft:worldgen/biome]: minecraft:sulfur_caves -> using default)
[00:53:39] [Worker-Main-6/ERROR]: Recoverable errors when loading section [-6, 0, -143]: (Unknown registry key in ResourceKey[minecraft:root / minecraft:block]: minecraft:sulfur_spike -> using default); (Unknown registry key in ResourceKey[minecraft:root / minecraft:block]: minecraft:cinnabar -> using default); (Unknown registry key in ResourceKey[minecraft:root / minecraft:block]: minecraft:sulfur_spike -> using default); (Unknown registry key in ResourceKey[minecraft:root / minecraft:block]: minecraft:sulfur_spike -> using default); (Unknown registry key in ResourceKey[minecraft:root / minecraft:block]: minecraft:potent_sulfur -> using default); (Unknown registry key in ResourceKey[minecraft:root / minecraft:block]: minecraft:sulfur -> using default)
[00:53:39] [Worker-Main-6/ERROR]: Recoverable errors when loading section [-6, 0, -143]: (Unknown registry key in ResourceKey[minecraft:root / minecraft:worldgen/biome]: minecraft:sulfur_caves -> using default)
